VIX Index;;;UX1 Index;;;UX2 Index;;;UX3 Index;
Date;PX_LAST;;Date;PX_LAST;;Date;PX_LAST;;Date;PX_LAST
#NOM?;25,61;;#NOM?;26,3;;#NOM?;27,95;;#NOM?;28,1
01/10/09;28,27;;01/10/09;27,8;;01/10/09;28,75;;01/10/09;28,85
02/10/09;28,68;;02/10/09;27,85;;02/10/09;28,8;;02/10/09;29
05/10/09;26,84;;05/10/09;26,8;;05/10/09;27,95;;05/10/09;28,35
06/10/09;25,7;;06/10/09;26;;06/10/09;27,45;;06/10/09;27,75
07/10/09;24,68;;07/10/09;25,4;;07/10/09;27,35;;07/10/09;27,65
08/10/09;24,18;;08/10/09;25,05;;08/10/09;27,05;;08/10/09;27,3
09/10/09;23,12;;09/10/09;24,55;;09/10/09;26,5;;09/10/09;27,05
12/10/09;23,01;;12/10/09;24,05;;12/10/09;25,75;;12/10/09;26,55
13/10/09;22,99;;13/10/09;23,55;;13/10/09;25,6;;13/10/09;26,4
14/10/09;22,86;;14/10/09;23,25;;14/10/09;25,4;;14/10/09;26,2
15/10/09;21,72;;15/10/09;22,35;;15/10/09;24,9;;15/10/09;25,75
16/10/09;21,43;;16/10/09;22,35;;16/10/09;25,3;;16/10/09;26,05
19/10/09;21,49;;19/10/09;21,4;;19/10/09;24,65;;19/10/09;25,55
20/10/09;20,9;;20/10/09;21,1;;20/10/09;24,55;;20/10/09;25,55
21/10/09;22,22;;21/10/09;24,55;;21/10/09;25,65;;21/10/09;26,35
22/10/09;20,69;;22/10/09;23,65;;22/10/09;25,1;;22/10/09;25,95
23/10/09;22,27;;23/10/09;24,05;;23/10/09;25,45;;23/10/09;26,15
26/10/09;24,31;;26/10/09;24,55;;26/10/09;25,95;;26/10/09;26,7
27/10/09;24,83;;27/10/09;24,65;;27/10/09;25,85;;27/10/09;26,6
28/10/09;27,91;;28/10/09;26,65;;28/10/09;26,9;;28/10/09;27,6
29/10/09;24,76;;29/10/09;25,05;;29/10/09;25,8;;29/10/09;26,6
30/10/09;30,69;;30/10/09;27,85;;30/10/09;27,7;;30/10/09;27,95
02/11/09;29,78;;02/11/09;28;;02/11/09;28,1;;02/11/09;28,2
03/11/09;28,81;;03/11/09;28,1;;03/11/09;28,3;;03/11/09;28,45
04/11/09;27,72;;04/11/09;27,6;;04/11/09;28,05;;04/11/09;28,05
05/11/09;25,43;;05/11/09;25,9;;05/11/09;27,25;;05/11/09;27,6
06/11/09;24,19;;06/11/09;25,1;;06/11/09;26,4;;06/11/09;27
09/11/09;23,15;;09/11/09;23,5;;09/11/09;24,9;;09/11/09;26,15
10/11/09;22,84;;10/11/09;23,5;;10/11/09;25,1;;10/11/09;26,5
11/11/09;23,04;;11/11/09;23,65;;11/11/09;25,15;;11/11/09;26,8
12/11/09;24,24;;12/11/09;24,8;;12/11/09;26,25;;12/11/09;27,7
13/11/09;23,36;;13/11/09;24,25;;13/11/09;25,85;;13/11/09;27,45
16/11/09;22,89;;16/11/09;23,4;;16/11/09;25,45;;16/11/09;27
17/11/09;22,41;;17/11/09;22,55;;17/11/09;25,35;;17/11/09;27,05
18/11/09;21,63;;18/11/09;24,4;;18/11/09;26,85;;18/11/09;27,65
19/11/09;22,63;;19/11/09;24,7;;19/11/09;27,25;;19/11/09;28
20/11/09;22,19;;20/11/09;24,2;;20/11/09;27;;20/11/09;27,8
23/11/09;21,16;;23/11/09;22,85;;23/11/09;26,4;;23/11/09;27,2
24/11/09;20,47;;24/11/09;22,7;;24/11/09;26,05;;24/11/09;27,15
25/11/09;20,48;;25/11/09;22,35;;25/11/09;25,8;;25/11/09;27
27/11/09;24,74;;27/11/09;24,05;;27/11/09;27,15;;27/11/09;28,2
30/11/09;24,51;;30/11/09;24,1;;30/11/09;27,15;;30/11/09;28,15
01/12/09;21,92;;01/12/09;23,05;;01/12/09;26,3;;01/12/09;27,6
02/12/09;21,12;;02/12/09;22,65;;02/12/09;26,2;;02/12/09;27,7
03/12/09;22,46;;03/12/09;23,25;;03/12/09;26,65;;03/12/09;27,7
04/12/09;21,25;;04/12/09;22,6;;04/12/09;26,15;;04/12/09;27,7
07/12/09;22,1;;07/12/09;22,5;;07/12/09;26,05;;07/12/09;27,65
08/12/09;23,69;;08/12/09;23,5;;08/12/09;26,55;;08/12/09;28,15
09/12/09;22,66;;09/12/09;23,05;;09/12/09;26,45;;09/12/09;28
10/12/09;22,32;;10/12/09;22,5;;10/12/09;26,1;;10/12/09;27,9
11/12/09;21,59;;11/12/09;22,1;;11/12/09;26;;11/12/09;27,6
14/12/09;21,15;;14/12/09;21,1;;14/12/09;25,55;;14/12/09;27,5
15/12/09;21,49;;15/12/09;21,35;;15/12/09;25,25;;15/12/09;27
16/12/09;20,54;;16/12/09;24,1;;16/12/09;26,5;;16/12/09;27,2
17/12/09;22,51;;17/12/09;24,45;;17/12/09;26,75;;17/12/09;27,35
18/12/09;21,68;;18/12/09;24,1;;18/12/09;26,4;;18/12/09;27
21/12/09;20,49;;21/12/09;23,25;;21/12/09;25,65;;21/12/09;26,2
22/12/09;19,54;;22/12/09;22,65;;22/12/09;25,1;;22/12/09;25,6
23/12/09;19,71;;23/12/09;22,45;;23/12/09;24,9;;23/12/09;25,45
24/12/09;19,47;;24/12/09;22,1;;24/12/09;24,75;;24/12/09;25,25
28/12/09;19,93;;28/12/09;21,85;;28/12/09;24,65;;28/12/09;25,15
29/12/09;20,01;;29/12/09;22;;29/12/09;24,75;;29/12/09;25,2
30/12/09;19,96;;30/12/09;22,4;;30/12/09;25,05;;30/12/09;25,6
31/12/09;21,68;;31/12/09;22,95;;31/12/09;25,8;;31/12/09;26
04/01/10;20,04;;04/01/10;22,1;;04/01/10;24,85;;04/01/10;25,25
05/01/10;19,35;;05/01/10;21,55;;05/01/10;24,45;;05/01/10;24,85
06/01/10;19,16;;06/01/10;20,8;;06/01/10;23,55;;06/01/10;24,2
07/01/10;19,06;;07/01/10;20,45;;07/01/10;23,15;;07/01/10;23,85
08/01/10;18,13;;08/01/10;19,9;;08/01/10;22,55;;08/01/10;23,4
11/01/10;17,55;;11/01/10;19,5;;11/01/10;22,25;;11/01/10;23,25
12/01/10;18,25;;12/01/10;20,25;;12/01/10;22,8;;12/01/10;23,65
13/01/10;17,85;;13/01/10;19,4;;13/01/10;22,5;;13/01/10;23,45
14/01/10;17,63;;14/01/10;18,95;;14/01/10;22;;14/01/10;23
15/01/10;17,91;;15/01/10;19,65;;15/01/10;22,55;;15/01/10;23,55
19/01/10;17,58;;19/01/10;17,85;;19/01/10;21,55;;19/01/10;22,75
20/01/10;18,68;;20/01/10;21,4;;20/01/10;22,85;;20/01/10;23,6
21/01/10;22,27;;21/01/10;22,65;;21/01/10;24,1;;21/01/10;24,55
22/01/10;27,31;;22/01/10;24,75;;22/01/10;25,15;;22/01/10;25,35
25/01/10;25,41;;25/01/10;24,35;;25/01/10;24,95;;25/01/10;25,05
26/01/10;24,55;;26/01/10;24,55;;26/01/10;25,3;;26/01/10;25,45
27/01/10;23,14;;27/01/10;23,75;;27/01/10;24,7;;27/01/10;25,05
28/01/10;23,73;;28/01/10;24;;28/01/10;24,9;;28/01/10;25,15
29/01/10;24,62;;29/01/10;24,65;;29/01/10;25,35;;29/01/10;25,5
01/02/10;22,59;;01/02/10;23,05;;01/02/10;24,25;;01/02/10;24,95
02/02/10;21,48;;02/02/10;22,1;;02/02/10;23,45;;02/02/10;24,4
03/02/10;21,6;;03/02/10;22,15;;03/02/10;23,55;;03/02/10;24,45
04/02/10;26,08;;04/02/10;25,6;;04/02/10;25,65;;04/02/10;26
05/02/10;26,11;;05/02/10;26,1;;05/02/10;25,85;;05/02/10;26,15
08/02/10;26,51;;08/02/10;26,4;;08/02/10;26,2;;08/02/10;26,3
09/02/10;26;;09/02/10;25,55;;09/02/10;25,65;;09/02/10;26,05
10/02/10;25,4;;10/02/10;25,5;;10/02/10;25,55;;10/02/10;26
11/02/10;23,96;;11/02/10;24,45;;11/02/10;24,95;;11/02/10;25,65
12/02/10;22,73;;12/02/10;24,45;;12/02/10;24,9;;12/02/10;25,85
16/02/10;22,25;;16/02/10;22,6;;16/02/10;23,6;;16/02/10;24,8
17/02/10;21,72;;17/02/10;22,75;;17/02/10;24,7;;17/02/10;24,85
18/02/10;20,63;;18/02/10;21,8;;18/02/10;24,1;;18/02/10;24,5
19/02/10;20,02;;19/02/10;21,35;;19/02/10;23,7;;19/02/10;24,1
22/02/10;19,94;;22/02/10;20,95;;22/02/10;23,25;;22/02/10;23,75
23/02/10;21,37;;23/02/10;21,65;;23/02/10;23,9;;23/02/10;24,25
24/02/10;20,27;;24/02/10;21,1;;24/02/10;23,65;;24/02/10;23,9
25/02/10;20,1;;25/02/10;20,95;;25/02/10;23,75;;25/02/10;23,95
26/02/10;19,5;;26/02/10;20,4;;26/02/10;23,5;;26/02/10;23,8
01/03/10;19,26;;01/03/10;20;;01/03/10;23,05;;01/03/10;23,65
02/03/10;19,06;;02/03/10;19,8;;02/03/10;22,8;;02/03/10;23,45
03/03/10;18,83;;03/03/10;19,6;;03/03/10;22,6;;03/03/10;23,25
04/03/10;18,72;;04/03/10;19,6;;04/03/10;22,5;;04/03/10;23,25
05/03/10;17,42;;05/03/10;18,55;;05/03/10;21,6;;05/03/10;22,6
08/03/10;17,79;;08/03/10;18,35;;08/03/10;21,25;;08/03/10;22,45
09/03/10;17,92;;09/03/10;18,5;;09/03/10;21,25;;09/03/10;22,45
10/03/10;18,57;;10/03/10;18,6;;10/03/10;21,4;;10/03/10;22,65
11/03/10;18,06;;11/03/10;18,6;;11/03/10;21,6;;11/03/10;22,8
12/03/10;17,58;;12/03/10;18,35;;12/03/10;21,45;;12/03/10;22,7
15/03/10;18;;15/03/10;18,1;;15/03/10;21,5;;15/03/10;22,85
16/03/10;17,69;;16/03/10;17,45;;16/03/10;20,9;;16/03/10;22,3
17/03/10;16,91;;17/03/10;20,1;;17/03/10;21,75;;17/03/10;22,65
18/03/10;16,62;;18/03/10;19,8;;18/03/10;21,45;;18/03/10;22,45
19/03/10;16,97;;19/03/10;20,2;;19/03/10;21,7;;19/03/10;22,7
22/03/10;16,87;;22/03/10;19,9;;22/03/10;21,65;;22/03/10;22,55
23/03/10;16,35;;23/03/10;19,45;;23/03/10;21,35;;23/03/10;22,35
24/03/10;17,55;;24/03/10;19,9;;24/03/10;21,65;;24/03/10;22,6
25/03/10;18,4;;25/03/10;20,1;;25/03/10;21,95;;25/03/10;22,9
26/03/10;17,77;;26/03/10;19,9;;26/03/10;21,7;;26/03/10;22,7
29/03/10;17,59;;29/03/10;19,5;;29/03/10;21,25;;29/03/10;22,35
30/03/10;17,13;;30/03/10;19,1;;30/03/10;21;;30/03/10;22,15
31/03/10;17,59;;31/03/10;18,95;;31/03/10;21;;31/03/10;22,2
01/04/10;17,47;;01/04/10;18,8;;01/04/10;21,05;;01/04/10;22,25
05/04/10;17,02;;05/04/10;18;;05/04/10;20,35;;05/04/10;21,6
06/04/10;16,23;;06/04/10;17,45;;06/04/10;19,85;;06/04/10;21,2
07/04/10;16,62;;07/04/10;17,9;;07/04/10;20,1;;07/04/10;21,4
08/04/10;16,48;;08/04/10;17,45;;08/04/10;19,85;;08/04/10;21,2
09/04/10;16,14;;09/04/10;17,2;;09/04/10;19,65;;09/04/10;21,15
12/04/10;15,58;;12/04/10;17,1;;12/04/10;19,65;;12/04/10;21,2
13/04/10;16,2;;13/04/10;17,15;;13/04/10;19,75;;13/04/10;21,25
14/04/10;15,59;;14/04/10;16,7;;14/04/10;19,3;;14/04/10;20,95
15/04/10;15,89;;15/04/10;16,7;;15/04/10;19,3;;15/04/10;20,95
16/04/10;18,36;;16/04/10;18,2;;16/04/10;19,95;;16/04/10;21,45
19/04/10;17,34;;19/04/10;17,4;;19/04/10;19,5;;19/04/10;21
20/04/10;15,73;;20/04/10;16;;20/04/10;18,6;;20/04/10;20,45
21/04/10;16,32;;21/04/10;18,7;;21/04/10;20,75;;21/04/10;22,15
22/04/10;16,47;;22/04/10;18,65;;22/04/10;20,75;;22/04/10;22,25
23/04/10;16,62;;23/04/10;18,5;;23/04/10;20,75;;23/04/10;22,25
26/04/10;17,47;;26/04/10;18,75;;26/04/10;20,95;;26/04/10;22,45
27/04/10;22,81;;27/04/10;21,05;;27/04/10;22,4;;27/04/10;23,65
28/04/10;21,08;;28/04/10;20,8;;28/04/10;22,2;;28/04/10;23,5
29/04/10;18,44;;29/04/10;19,65;;29/04/10;21,65;;29/04/10;23,05
30/04/10;22,05;;30/04/10;21,6;;30/04/10;23;;30/04/10;24,1
03/05/10;20,19;;03/05/10;20,55;;03/05/10;22,6;;03/05/10;23,9
04/05/10;23,84;;04/05/10;23;;04/05/10;24,45;;04/05/10;25,6
05/05/10;24,91;;05/05/10;24,15;;05/05/10;25,45;;05/05/10;26,4
06/05/10;32,8;;06/05/10;29,2;;06/05/10;29,1;;06/05/10;29,3
07/05/10;40,95;;07/05/10;32,95;;07/05/10;30,95;;07/05/10;30,9
10/05/10;28,84;;10/05/10;27,45;;10/05/10;27,05;;10/05/10;27,85
11/05/10;28,32;;11/05/10;27,1;;11/05/10;27,05;;11/05/10;27,6
12/05/10;25,52;;12/05/10;25,05;;12/05/10;25,8;;12/05/10;26,4
13/05/10;26,68;;13/05/10;25,85;;13/05/10;26,4;;13/05/10;26,75
14/05/10;31,24;;14/05/10;30,1;;14/05/10;28,75;;14/05/10;28,75
17/05/10;30,84;;17/05/10;30,3;;17/05/10;29;;17/05/10;29,2
18/05/10;33,55;;18/05/10;32,7;;18/05/10;30,95;;18/05/10;30,9
19/05/10;35,32;;19/05/10;31,65;;19/05/10;32,05;;19/05/10;31,15
20/05/10;45,79;;20/05/10;35,95;;20/05/10;35,7;;20/05/10;34
21/05/10;40,1;;21/05/10;35,75;;21/05/10;35,7;;21/05/10;34,1
24/05/10;38,32;;24/05/10;35,1;;24/05/10;35,1;;24/05/10;33,65
25/05/10;34,61;;25/05/10;33,75;;25/05/10;34,1;;25/05/10;32,7
26/05/10;35,02;;26/05/10;32,8;;26/05/10;33,3;;26/05/10;32,15
27/05/10;29,68;;27/05/10;29,65;;27/05/10;30,95;;27/05/10;30,35
28/05/10;32,07;;28/05/10;30,4;;28/05/10;31,3;;28/05/10;30,55
01/06/10;35,54;;01/06/10;32,55;;01/06/10;32,65;;01/06/10;31,8
02/06/10;30,17;;02/06/10;29,85;;02/06/10;31;;02/06/10;30,6
03/06/10;29,46;;03/06/10;29,6;;03/06/10;30,7;;03/06/10;30,35
04/06/10;35,48;;04/06/10;33,55;;04/06/10;32,8;;04/06/10;32,25
07/06/10;36,57;;07/06/10;35,45;;07/06/10;34,1;;07/06/10;33,15
08/06/10;33,7;;08/06/10;33,45;;08/06/10;32,95;;08/06/10;32,2
09/06/10;33,73;;09/06/10;33,4;;09/06/10;33,35;;09/06/10;32,65
10/06/10;30,57;;10/06/10;30,65;;10/06/10;31,55;;10/06/10;31,3
11/06/10;28,79;;11/06/10;29,3;;11/06/10;30,9;;11/06/10;30,8
14/06/10;28,58;;14/06/10;28,55;;14/06/10;30,3;;14/06/10;30,55
15/06/10;25,87;;15/06/10;25,85;;15/06/10;28,55;;15/06/10;29,2
16/06/10;25,92;;16/06/10;27,8;;16/06/10;28,95;;16/06/10;30
17/06/10;25,05;;17/06/10;27,3;;17/06/10;28,6;;17/06/10;29,7
18/06/10;23,95;;18/06/10;26,85;;18/06/10;28;;18/06/10;29,3
21/06/10;24,88;;21/06/10;27,1;;21/06/10;28,15;;21/06/10;29,5
22/06/10;27,05;;22/06/10;28,4;;22/06/10;29;;22/06/10;30,3
23/06/10;26,91;;23/06/10;28,75;;23/06/10;29,55;;23/06/10;30,7
24/06/10;29,74;;24/06/10;30,65;;24/06/10;30,8;;24/06/10;31,85
25/06/10;28,53;;25/06/10;29,75;;25/06/10;30,35;;25/06/10;31,75
28/06/10;29;;28/06/10;30,15;;28/06/10;31,05;;28/06/10;32,45
29/06/10;34,13;;29/06/10;33,5;;29/06/10;33,45;;29/06/10;34,75
30/06/10;34,54;;30/06/10;33,9;;30/06/10;34,15;;30/06/10;35,15
01/07/10;32,86;;01/07/10;33,35;;01/07/10;34,15;;01/07/10;35,3
02/07/10;30,12;;02/07/10;32,05;;02/07/10;33,4;;02/07/10;34,95
06/07/10;29,65;;06/07/10;29,8;;06/07/10;31,9;;06/07/10;34,05
07/07/10;26,84;;07/07/10;27,6;;07/07/10;30,05;;07/07/10;32,35
08/07/10;25,71;;08/07/10;27,05;;08/07/10;29,5;;08/07/10;31,8
09/07/10;24,98;;09/07/10;26,55;;09/07/10;29,05;;09/07/10;31,2
12/07/10;24,43;;12/07/10;25,85;;12/07/10;28,35;;12/07/10;30,9
13/07/10;24,56;;13/07/10;25,8;;13/07/10;28,15;;13/07/10;30,45
14/07/10;24,89;;14/07/10;26,75;;14/07/10;28,95;;14/07/10;31,1
15/07/10;25,14;;15/07/10;26,5;;15/07/10;29,3;;15/07/10;31,45
16/07/10;26,25;;16/07/10;28,1;;16/07/10;30,6;;16/07/10;32,8
19/07/10;25,97;;19/07/10;26,8;;19/07/10;30,3;;19/07/10;32,5
20/07/10;23,93;;20/07/10;24,4;;20/07/10;28,5;;20/07/10;31,2
21/07/10;25,64;;21/07/10;28,85;;21/07/10;31,45;;21/07/10;32,55
22/07/10;24,63;;22/07/10;27,3;;22/07/10;30,2;;22/07/10;31,4
23/07/10;23,47;;23/07/10;26,6;;23/07/10;29,6;;23/07/10;31
26/07/10;22,73;;26/07/10;25,55;;26/07/10;28,75;;26/07/10;30,2
27/07/10;23,19;;27/07/10;25,45;;27/07/10;28,45;;27/07/10;29,9
28/07/10;24,25;;28/07/10;25,75;;28/07/10;28,8;;28/07/10;29,8
29/07/10;24,13;;29/07/10;25,75;;29/07/10;28,75;;29/07/10;29,9
30/07/10;23,5;;30/07/10;25,45;;30/07/10;28,6;;30/07/10;29,75
02/08/10;22,01;;02/08/10;23,85;;02/08/10;27,15;;02/08/10;28,45
03/08/10;22,63;;03/08/10;24,1;;03/08/10;27,5;;03/08/10;28,75
04/08/10;22,21;;04/08/10;23,75;;04/08/10;27,35;;04/08/10;28,75
05/08/10;22,1;;05/08/10;23,8;;05/08/10;27,65;;05/08/10;29,1
06/08/10;21,74;;06/08/10;23,7;;06/08/10;27,75;;06/08/10;29,2
09/08/10;22,14;;09/08/10;23,1;;09/08/10;27,4;;09/08/10;29
10/08/10;22,37;;10/08/10;23,25;;10/08/10;27,55;;10/08/10;29,3
11/08/10;25,39;;11/08/10;25,7;;11/08/10;29,6;;11/08/10;30,85
12/08/10;25,73;;12/08/10;26,15;;12/08/10;30,05;;12/08/10;31,25
13/08/10;26,24;;13/08/10;26,75;;13/08/10;30,7;;13/08/10;31,9
16/08/10;26,1;;16/08/10;26;;16/08/10;30,35;;16/08/10;31,6
17/08/10;24,33;;17/08/10;24,35;;17/08/10;29,45;;17/08/10;30,95
18/08/10;24,59;;18/08/10;29;;18/08/10;31,1;;18/08/10;31,35
19/08/10;26,44;;19/08/10;29,9;;19/08/10;32,15;;19/08/10;32,2
20/08/10;25,49;;20/08/10;29,6;;20/08/10;32,25;;20/08/10;32,25
23/08/10;25,66;;23/08/10;29;;23/08/10;32,15;;23/08/10;32,15
24/08/10;27,46;;24/08/10;29,8;;24/08/10;32,85;;24/08/10;32,95
25/08/10;26,7;;25/08/10;29,15;;25/08/10;32,3;;25/08/10;32,35
26/08/10;27,37;;26/08/10;29,55;;26/08/10;32,5;;26/08/10;32,75
27/08/10;24,45;;27/08/10;27,55;;27/08/10;30,9;;27/08/10;31,3
30/08/10;27,21;;30/08/10;28,45;;30/08/10;31,75;;30/08/10;32,15
31/08/10;26,05;;31/08/10;27,9;;31/08/10;31,25;;31/08/10;32,05
01/09/10;23,89;;01/09/10;25,8;;01/09/10;29,75;;01/09/10;30,75
02/09/10;23,19;;02/09/10;25;;02/09/10;29,15;;02/09/10;30,05
03/09/10;21,31;;03/09/10;23,6;;03/09/10;27,85;;03/09/10;29,05
07/09/10;23,8;;07/09/10;24,45;;07/09/10;28,6;;07/09/10;29,6
08/09/10;23,25;;08/09/10;23,85;;08/09/10;27,85;;08/09/10;29,1
09/09/10;22,81;;09/09/10;23,75;;09/09/10;27,55;;09/09/10;28,85
10/09/10;21,99;;10/09/10;23,05;;10/09/10;27;;10/09/10;28,55
13/09/10;21,21;;13/09/10;21,7;;13/09/10;25,7;;13/09/10;27,45
14/09/10;21,56;;14/09/10;21,7;;14/09/10;25,7;;14/09/10;27,6
15/09/10;22,1;;15/09/10;25,2;;15/09/10;27,45;;15/09/10;28,3
16/09/10;21,72;;16/09/10;25,1;;16/09/10;27,6;;16/09/10;28,45
17/09/10;22,01;;17/09/10;25,05;;17/09/10;27,8;;17/09/10;28,7
20/09/10;21,5;;20/09/10;24,35;;20/09/10;27,35;;20/09/10;28,4
21/09/10;22,35;;21/09/10;24,45;;21/09/10;27,4;;21/09/10;28,4
22/09/10;22,51;;22/09/10;24,95;;22/09/10;27,65;;22/09/10;28,7
23/09/10;23,87;;23/09/10;25,8;;23/09/10;28,25;;23/09/10;29,3
24/09/10;21,71;;24/09/10;24,2;;24/09/10;27,2;;24/09/10;28,35
27/09/10;22,54;;27/09/10;24,35;;27/09/10;27,25;;27/09/10;28,3
28/09/10;22,6;;28/09/10;24,3;;28/09/10;27,25;;28/09/10;28,3
29/09/10;23,25;;29/09/10;24,7;;29/09/10;27,65;;29/09/10;28,7
30/09/10;23,7;;30/09/10;25,45;;30/09/10;28,2;;30/09/10;29,3
01/10/10;22,5;;01/10/10;24,75;;01/10/10;27,85;;01/10/10;29
04/10/10;23,53;;04/10/10;25,15;;04/10/10;28,2;;04/10/10;29,4
05/10/10;21,76;;05/10/10;23,65;;05/10/10;27,05;;05/10/10;28,5
06/10/10;21,49;;06/10/10;23,25;;06/10/10;26,8;;06/10/10;28,4
07/10/10;21,56;;07/10/10;22,95;;07/10/10;26,7;;07/10/10;28,35
08/10/10;20,71;;08/10/10;21,95;;08/10/10;25,7;;08/10/10;27,55
11/10/10;18,96;;11/10/10;21,3;;11/10/10;25,1;;11/10/10;27,05
12/10/10;18,93;;12/10/10;20,65;;12/10/10;24,25;;12/10/10;26,3
13/10/10;19,07;;13/10/10;20,65;;13/10/10;23,55;;13/10/10;25,6
14/10/10;19,88;;14/10/10;21,55;;14/10/10;24,2;;14/10/10;26,1
15/10/10;19,03;;15/10/10;20,95;;15/10/10;24,05;;15/10/10;25,8
18/10/10;19,09;;18/10/10;19,85;;18/10/10;23,3;;18/10/10;25,45
19/10/10;20,63;;19/10/10;20,95;;19/10/10;23,85;;19/10/10;25,85
20/10/10;19,79;;20/10/10;22,6;;20/10/10;25,05;;20/10/10;27,4
21/10/10;19,27;;21/10/10;22;;21/10/10;24,65;;21/10/10;27
22/10/10;18,78;;22/10/10;21,1;;22/10/10;23,95;;22/10/10;26,25
25/10/10;19,85;;25/10/10;20,95;;25/10/10;23,7;;25/10/10;25,9
26/10/10;20,22;;26/10/10;21,4;;26/10/10;23,9;;26/10/10;26,1
27/10/10;20,71;;27/10/10;21,85;;27/10/10;24,2;;27/10/10;26,3
28/10/10;20,88;;28/10/10;21,75;;28/10/10;24,3;;28/10/10;26,45
29/10/10;21,2;;29/10/10;21,75;;29/10/10;24,25;;29/10/10;26,4
01/11/10;21,83;;01/11/10;21,55;;01/11/10;24,2;;01/11/10;26,6
02/11/10;21,57;;02/11/10;21;;02/11/10;23,75;;02/11/10;26,35
03/11/10;19,56;;03/11/10;19,8;;03/11/10;22,35;;03/11/10;25,35
04/11/10;18,52;;04/11/10;18,5;;04/11/10;21;;04/11/10;23,95
05/11/10;18,26;;05/11/10;18,55;;05/11/10;20,95;;05/11/10;23,75
08/11/10;18,29;;08/11/10;18,7;;08/11/10;21,05;;08/11/10;23,9
09/11/10;19,08;;09/11/10;18,9;;09/11/10;21,1;;09/11/10;24,1
10/11/10;18,47;;10/11/10;18,65;;10/11/10;20,9;;10/11/10;24
11/11/10;18,64;;11/11/10;18,95;;11/11/10;21,05;;11/11/10;24,3
12/11/10;20,61;;12/11/10;20,35;;12/11/10;22,25;;12/11/10;25,25
15/11/10;20,2;;15/11/10;19,75;;15/11/10;21,95;;15/11/10;25,05
16/11/10;22,58;;16/11/10;22,25;;16/11/10;22,8;;16/11/10;25,85
17/11/10;21,76;;17/11/10;22,3;;17/11/10;25,4;;17/11/10;26,3
18/11/10;18,75;;18/11/10;20,75;;18/11/10;24,2;;18/11/10;25,5
19/11/10;18,04;;19/11/10;20,5;;19/11/10;23,9;;19/11/10;25,35
22/11/10;18,37;;22/11/10;19,8;;22/11/10;23,25;;22/11/10;24,75
23/11/10;20,63;;23/11/10;20,75;;23/11/10;24,1;;23/11/10;25,55
24/11/10;19,56;;24/11/10;19,8;;24/11/10;23,3;;24/11/10;25,05
26/11/10;22,22;;26/11/10;21,25;;26/11/10;24,25;;26/11/10;25,95
29/11/10;21,53;;29/11/10;21,45;;29/11/10;24,5;;29/11/10;26,1
30/11/10;23,54;;30/11/10;23,2;;30/11/10;25,8;;30/11/10;27,05
01/12/10;21,36;;01/12/10;21,9;;01/12/10;24,75;;01/12/10;26,35
02/12/10;19,39;;02/12/10;19,85;;02/12/10;23;;02/12/10;24,8
03/12/10;18,01;;03/12/10;19,05;;03/12/10;22,15;;03/12/10;24,1
06/12/10;18,02;;06/12/10;18,6;;06/12/10;21,6;;06/12/10;23,7
07/12/10;17,99;;07/12/10;18,6;;07/12/10;21,45;;07/12/10;23,55
08/12/10;17,74;;08/12/10;18,2;;08/12/10;20,7;;08/12/10;22,9
09/12/10;17,25;;09/12/10;18;;09/12/10;20,2;;09/12/10;22,25
10/12/10;17,61;;10/12/10;18,05;;10/12/10;20,05;;10/12/10;21,75
13/12/10;17,55;;13/12/10;18,3;;13/12/10;20,3;;13/12/10;21,9
14/12/10;17,61;;14/12/10;18,7;;14/12/10;20,45;;14/12/10;22,15
15/12/10;17,94;;15/12/10;19,05;;15/12/10;20,8;;15/12/10;22,4
16/12/10;17,39;;16/12/10;18,4;;16/12/10;20,5;;16/12/10;22,15
17/12/10;16,11;;17/12/10;17,6;;17/12/10;20,25;;17/12/10;22,2
20/12/10;16,41;;20/12/10;16,75;;20/12/10;19,65;;20/12/10;21,75
21/12/10;16,49;;21/12/10;16,75;;21/12/10;19,25;;21/12/10;21,4
22/12/10;15,45;;22/12/10;19,25;;22/12/10;21,3;;22/12/10;22,95
23/12/10;16,47;;23/12/10;19,85;;23/12/10;21,55;;23/12/10;23,25
27/12/10;17,67;;27/12/10;20,45;;27/12/10;21,75;;27/12/10;23,8
28/12/10;17,52;;28/12/10;20,55;;28/12/10;21,9;;28/12/10;23,9
29/12/10;17,28;;29/12/10;20,25;;29/12/10;21,85;;29/12/10;23,8
30/12/10;17,52;;30/12/10;20,1;;30/12/10;21,7;;30/12/10;23,9
31/12/10;17,75;;31/12/10;19,7;;31/12/10;21,6;;31/12/10;23,75
03/01/11;17,61;;03/01/11;19,3;;03/01/11;21,35;;03/01/11;23,45
04/01/11;17,38;;04/01/11;19,1;;04/01/11;21,3;;04/01/11;23,3
05/01/11;17,02;;05/01/11;18,7;;05/01/11;20,95;;05/01/11;22,85
06/01/11;17,4;;06/01/11;18,65;;06/01/11;20,9;;06/01/11;22,8
07/01/11;17,14;;07/01/11;18,7;;07/01/11;21;;07/01/11;22,85
10/01/11;17,54;;10/01/11;18,65;;10/01/11;21;;10/01/11;22,8
11/01/11;16,89;;11/01/11;17,95;;11/01/11;20,4;;11/01/11;22,4
12/01/11;16,24;;12/01/11;17;;12/01/11;19,45;;12/01/11;21,7
13/01/11;16,39;;13/01/11;16,95;;13/01/11;19,3;;13/01/11;21,65
14/01/11;15,46;;14/01/11;16,25;;14/01/11;18,4;;14/01/11;20,75
18/01/11;15,87;;18/01/11;15,9;;18/01/11;17,85;;18/01/11;20,15
19/01/11;17,31;;19/01/11;18,75;;19/01/11;20,9;;19/01/11;22,2
20/01/11;17,99;;20/01/11;18,65;;20/01/11;20,85;;20/01/11;22,1
21/01/11;18,47;;21/01/11;18,85;;21/01/11;21;;21/01/11;22,2
24/01/11;17,65;;24/01/11;18,4;;24/01/11;20,55;;24/01/11;21,85
25/01/11;17,59;;25/01/11;18,2;;25/01/11;20,35;;25/01/11;21,6
26/01/11;16,64;;26/01/11;17,55;;26/01/11;19,75;;26/01/11;21
27/01/11;16,15;;27/01/11;17,25;;27/01/11;19,4;;27/01/11;20,7
28/01/11;20,04;;28/01/11;19,4;;28/01/11;20,65;;28/01/11;21,75
31/01/11;19,53;;31/01/11;19,1;;31/01/11;20,45;;31/01/11;21,5
01/02/11;17,63;;01/02/11;17,95;;01/02/11;19,6;;01/02/11;20,6
02/02/11;17,3;;02/02/11;18,05;;02/02/11;19,55;;02/02/11;20,55
03/02/11;16,69;;03/02/11;17,7;;03/02/11;19,35;;03/02/11;20,45
04/02/11;15,93;;04/02/11;17,25;;04/02/11;18,85;;04/02/11;20,05
07/02/11;16,28;;07/02/11;16,95;;07/02/11;18,45;;07/02/11;19,6
08/02/11;15,81;;08/02/11;16,85;;08/02/11;18,2;;08/02/11;19,35
09/02/11;15,87;;09/02/11;16,85;;09/02/11;18,25;;09/02/11;19,3
10/02/11;16,09;;10/02/11;16,9;;10/02/11;18,3;;10/02/11;19,3
11/02/11;15,69;;11/02/11;16,6;;11/02/11;18,05;;11/02/11;19,15
14/02/11;15,95;;14/02/11;16,45;;14/02/11;17,85;;14/02/11;18,95
15/02/11;16,37;;15/02/11;16,7;;15/02/11;18,05;;15/02/11;19
16/02/11;16,72;;16/02/11;18,3;;16/02/11;19,35;;16/02/11;20,15
17/02/11;16,59;;17/02/11;18,45;;17/02/11;19,65;;17/02/11;20,5
18/02/11;16,43;;18/02/11;18,6;;18/02/11;19,8;;18/02/11;20,8
22/02/11;20,8;;22/02/11;21,15;;22/02/11;21,6;;22/02/11;22,3
23/02/11;22,13;;23/02/11;22,25;;23/02/11;22,55;;23/02/11;23,1
24/02/11;21,32;;24/02/11;21,85;;24/02/11;22,35;;24/02/11;23
25/02/11;19,22;;25/02/11;20,15;;25/02/11;21,15;;25/02/11;22,05
28/02/11;18,35;;28/02/11;19,2;;28/02/11;20,3;;28/02/11;21,45
01/03/11;21,01;;01/03/11;21,2;;01/03/11;21,7;;01/03/11;22,5
02/03/11;20,7;;02/03/11;21,1;;02/03/11;21,6;;02/03/11;22,4
03/03/11;18,6;;03/03/11;19,7;;03/03/11;20,7;;03/03/11;21,65
04/03/11;19,06;;04/03/11;20,05;;04/03/11;21,15;;04/03/11;22,05
07/03/11;20,66;;07/03/11;21,05;;07/03/11;21,8;;07/03/11;22,6
08/03/11;19,82;;08/03/11;20,45;;08/03/11;21,4;;08/03/11;22,4
09/03/11;20,22;;09/03/11;21,05;;09/03/11;21,8;;09/03/11;22,65
10/03/11;21,88;;10/03/11;22,25;;10/03/11;22,7;;10/03/11;23,35
11/03/11;20,08;;11/03/11;21,3;;11/03/11;22,05;;11/03/11;22,9
14/03/11;21,13;;14/03/11;21,7;;14/03/11;22,3;;14/03/11;23,1
15/03/11;24,32;;15/03/11;24,6;;15/03/11;23,45;;15/03/11;23,75
16/03/11;29,4;;16/03/11;24,9;;16/03/11;25,15;;16/03/11;25,2
17/03/11;26,37;;17/03/11;24,15;;17/03/11;24,4;;17/03/11;24,6
18/03/11;24,44;;18/03/11;23,35;;18/03/11;23,65;;18/03/11;23,9
21/03/11;20,61;;21/03/11;21,6;;21/03/11;22,3;;21/03/11;22,75
22/03/11;20,21;;22/03/11;21,5;;22/03/11;22,25;;22/03/11;22,8
23/03/11;19,17;;23/03/11;20,5;;23/03/11;21,6;;23/03/11;22,35
24/03/11;18;;24/03/11;19,95;;24/03/11;21,05;;24/03/11;21,9
25/03/11;17,91;;25/03/11;19,75;;25/03/11;21,05;;25/03/11;21,9
28/03/11;19,44;;28/03/11;20,3;;28/03/11;21,55;;28/03/11;22,2
29/03/11;18,16;;29/03/11;19,6;;29/03/11;20,95;;29/03/11;21,75
30/03/11;17,71;;30/03/11;19,25;;30/03/11;20,7;;30/03/11;21,45
31/03/11;17,74;;31/03/11;19,3;;31/03/11;20,8;;31/03/11;21,5
01/04/11;17,4;;01/04/11;19,05;;01/04/11;20,55;;01/04/11;21,4
04/04/11;17,5;;04/04/11;18,7;;04/04/11;20,25;;04/04/11;21,15
05/04/11;17,25;;05/04/11;18,55;;05/04/11;20,15;;05/04/11;21,1
06/04/11;16,9;;06/04/11;18,35;;06/04/11;20,15;;06/04/11;21,1
07/04/11;17,11;;07/04/11;18,4;;07/04/11;20,35;;07/04/11;21,3
08/04/11;17,87;;08/04/11;18,65;;08/04/11;20,65;;08/04/11;21,6
11/04/11;16,59;;11/04/11;18,4;;11/04/11;20,45;;11/04/11;21,55
12/04/11;17,09;;12/04/11;18,7;;12/04/11;20,7;;12/04/11;21,7
13/04/11;16,92;;13/04/11;18,3;;13/04/11;20,35;;13/04/11;21,45
14/04/11;16,27;;14/04/11;17,9;;14/04/11;20,15;;14/04/11;21,4
15/04/11;15,32;;15/04/11;16,75;;15/04/11;19,65;;15/04/11;21,15
18/04/11;16,96;;18/04/11;17,3;;18/04/11;20,2;;18/04/11;21,7
19/04/11;15,83;;19/04/11;16;;19/04/11;19,1;;19/04/11;21,05
20/04/11;15,07;;20/04/11;18,15;;20/04/11;20,35;;20/04/11;21,55
21/04/11;14,69;;21/04/11;17,9;;21/04/11;20;;21/04/11;21,4
25/04/11;15,77;;25/04/11;17,45;;25/04/11;19,6;;25/04/11;21
26/04/11;15,62;;26/04/11;17,3;;26/04/11;19,2;;26/04/11;20,65
27/04/11;15,35;;27/04/11;17;;27/04/11;18,75;;27/04/11;20,25
28/04/11;14,62;;28/04/11;16,75;;28/04/11;18,4;;28/04/11;19,9
29/04/11;14,75;;29/04/11;16,7;;29/04/11;18,35;;29/04/11;19,65
02/05/11;15,99;;02/05/11;17,25;;02/05/11;18,8;;02/05/11;20,15
03/05/11;16,7;;03/05/11;17,7;;03/05/11;19,35;;03/05/11;20,6
04/05/11;17,08;;04/05/11;17,95;;04/05/11;19,55;;04/05/11;20,8
05/05/11;18,2;;05/05/11;18,3;;05/05/11;19,8;;05/05/11;20,95
06/05/11;18,4;;06/05/11;18,15;;06/05/11;19,55;;06/05/11;20,75
09/05/11;17,16;;09/05/11;17,45;;09/05/11;18,85;;09/05/11;20,3
10/05/11;15,91;;10/05/11;16,65;;10/05/11;18,2;;10/05/11;19,75
11/05/11;16,95;;11/05/11;17,2;;11/05/11;18,65;;11/05/11;20,2
12/05/11;16,03;;12/05/11;16,65;;12/05/11;18,35;;12/05/11;20
13/05/11;17,07;;13/05/11;17,35;;13/05/11;18,65;;13/05/11;20,25
16/05/11;18,24;;16/05/11;18;;16/05/11;19,05;;16/05/11;20,5
17/05/11;17,55;;17/05/11;17,75;;17/05/11;18,7;;17/05/11;20,2
18/05/11;16,23;;18/05/11;18,05;;18/05/11;19,75;;18/05/11;20,65
19/05/11;15,52;;19/05/11;17,65;;19/05/11;19,6;;19/05/11;20,6
20/05/11;17,43;;20/05/11;18,05;;20/05/11;20;;20/05/11;21,1
23/05/11;18,27;;23/05/11;18,55;;23/05/11;20,3;;23/05/11;21,3
24/05/11;17,82;;24/05/11;18,3;;24/05/11;20,15;;24/05/11;21,2
25/05/11;17,07;;25/05/11;17,95;;25/05/11;19,9;;25/05/11;21
26/05/11;16,09;;26/05/11;17,45;;26/05/11;19,35;;26/05/11;20,45
27/05/11;15,98;;27/05/11;17,1;;27/05/11;19,05;;27/05/11;20,1
31/05/11;15,45;;31/05/11;16,55;;31/05/11;18,55;;31/05/11;19,6
01/06/11;18,3;;01/06/11;17,95;;01/06/11;19,55;;01/06/11;20,4
02/06/11;18,09;;02/06/11;17,8;;02/06/11;19,35;;02/06/11;20,3
03/06/11;17,95;;03/06/11;17,95;;03/06/11;19,45;;03/06/11;20,4
06/06/11;18,49;;06/06/11;18,2;;06/06/11;19,65;;06/06/11;20,6
07/06/11;18,07;;07/06/11;18,1;;07/06/11;19,35;;07/06/11;20,3
08/06/11;18,79;;08/06/11;18,5;;08/06/11;19,55;;08/06/11;20,5
09/06/11;17,77;;09/06/11;17,75;;09/06/11;19;;09/06/11;19,95
10/06/11;18,86;;10/06/11;18,9;;10/06/11;19,6;;10/06/11;20,5
13/06/11;19,61;;13/06/11;19,55;;13/06/11;20;;13/06/11;20,65
14/06/11;18,26;;14/06/11;18,2;;14/06/11;19,2;;14/06/11;19,95
15/06/11;21,32;;15/06/11;20,95;;15/06/11;21,25;;15/06/11;22,25
16/06/11;22,73;;16/06/11;21,95;;16/06/11;22,3;;16/06/11;23,35
17/06/11;21,85;;17/06/11;21,45;;17/06/11;22;;17/06/11;23,2
20/06/11;19,99;;20/06/11;20,45;;20/06/11;21,15;;20/06/11;22,55
21/06/11;18,86;;21/06/11;19,95;;21/06/11;20,8;;21/06/11;22,25
22/06/11;18,52;;22/06/11;20,3;;22/06/11;21,1;;22/06/11;22,6
23/06/11;19,29;;23/06/11;19,85;;23/06/11;20,8;;23/06/11;22,5
24/06/11;21,1;;24/06/11;21,05;;24/06/11;21,55;;24/06/11;23,1
27/06/11;20,56;;27/06/11;20,6;;27/06/11;21;;27/06/11;22,65
28/06/11;19,17;;28/06/11;19,5;;28/06/11;20,2;;28/06/11;22,1
29/06/11;17,27;;29/06/11;18,5;;29/06/11;19,35;;29/06/11;21,5
30/06/11;16,52;;30/06/11;17,7;;30/06/11;18,75;;30/06/11;20,75
01/07/11;15,87;;01/07/11;16,95;;01/07/11;17,95;;01/07/11;19,9
05/07/11;16,06;;05/07/11;16,95;;05/07/11;18,1;;05/07/11;20
06/07/11;16,34;;06/07/11;17,25;;06/07/11;18,35;;06/07/11;20,1
07/07/11;15,95;;07/07/11;16,75;;07/07/11;17,85;;07/07/11;19,5
08/07/11;15,95;;08/07/11;17,1;;08/07/11;18,25;;08/07/11;19,85
11/07/11;18,39;;11/07/11;18,85;;11/07/11;19,6;;11/07/11;20,8
12/07/11;19,87;;12/07/11;19,6;;12/07/11;20;;12/07/11;21,35
13/07/11;19,91;;13/07/11;19,9;;13/07/11;20,05;;13/07/11;21,45
14/07/11;20,8;;14/07/11;20,65;;14/07/11;20,65;;14/07/11;21,9
15/07/11;19,53;;15/07/11;20,15;;15/07/11;20,2;;15/07/11;21,6
18/07/11;20,95;;18/07/11;21,15;;18/07/11;21;;18/07/11;22,15
19/07/11;19,21;;19/07/11;19,25;;19/07/11;19,75;;19/07/11;21,3
20/07/11;19,09;;20/07/11;19,35;;20/07/11;21;;20/07/11;21,8
21/07/11;17,56;;21/07/11;18,35;;21/07/11;20,05;;21/07/11;21,25
22/07/11;17,52;;22/07/11;18,25;;22/07/11;19,9;;22/07/11;21,05
25/07/11;19,35;;25/07/11;19,35;;25/07/11;20,3;;25/07/11;21,5
26/07/11;20,23;;26/07/11;19,65;;26/07/11;20,7;;26/07/11;21,8
27/07/11;22,98;;27/07/11;21,3;;27/07/11;21,75;;27/07/11;22,55
28/07/11;23,74;;28/07/11;21,35;;28/07/11;21,7;;28/07/11;22,55
29/07/11;25,25;;29/07/11;21,1;;29/07/11;21,1;;29/07/11;21,9
01/08/11;23,66;;01/08/11;20,7;;01/08/11;20,6;;01/08/11;21,3
02/08/11;24,79;;02/08/11;22,3;;02/08/11;22;;02/08/11;22,25
03/08/11;23,38;;03/08/11;22;;03/08/11;21,85;;03/08/11;22,05
04/08/11;31,66;;04/08/11;27,45;;04/08/11;25,9;;04/08/11;25,1
05/08/11;32;;05/08/11;29,15;;05/08/11;26,2;;05/08/11;25,75
08/08/11;48;;08/08/11;36,55;;08/08/11;30,2;;08/08/11;29,1
09/08/11;35,06;;09/08/11;30,5;;09/08/11;25,4;;09/08/11;25,3
10/08/11;42,99;;10/08/11;36;;10/08/11;28,75;;10/08/11;28,3
11/08/11;39;;11/08/11;35,15;;11/08/11;27,65;;11/08/11;27,1
12/08/11;36,36;;12/08/11;35;;12/08/11;27,85;;12/08/11;26,9
15/08/11;31,87;;15/08/11;32,1;;15/08/11;26,7;;15/08/11;25,95
16/08/11;32,85;;16/08/11;33,65;;16/08/11;26,9;;16/08/11;26,25
17/08/11;31,58;;17/08/11;27,95;;17/08/11;26,8;;17/08/11;26
18/08/11;42,67;;18/08/11;33,4;;18/08/11;30,2;;18/08/11;29,2
19/08/11;43,05;;19/08/11;35,35;;19/08/11;31,6;;19/08/11;30,35
22/08/11;42,44;;22/08/11;36,45;;22/08/11;32,65;;22/08/11;31
23/08/11;36,27;;23/08/11;34,3;;23/08/11;31,75;;23/08/11;30,6
24/08/11;35,9;;24/08/11;33,55;;24/08/11;31,45;;24/08/11;30,6
25/08/11;39,76;;25/08/11;34,75;;25/08/11;31,75;;25/08/11;30,75
26/08/11;35,59;;26/08/11;34;;26/08/11;31;;26/08/11;30,2
29/08/11;32,28;;29/08/11;31,65;;29/08/11;29,7;;29/08/11;29,3
30/08/11;32,89;;30/08/11;32,5;;30/08/11;30,55;;30/08/11;30,05
31/08/11;31,62;;31/08/11;31,65;;31/08/11;30,2;;31/08/11;29,65
01/09/11;31,82;;01/09/11;32,15;;01/09/11;30,7;;01/09/11;29,95
02/09/11;33,92;;02/09/11;34,5;;02/09/11;32,05;;02/09/11;30,75
06/09/11;37;;06/09/11;35,75;;06/09/11;32,85;;06/09/11;31,45
07/09/11;33,38;;07/09/11;33,55;;07/09/11;31,4;;07/09/11;30,45
08/09/11;34,32;;08/09/11;34,6;;08/09/11;32,15;;08/09/11;30,9
09/09/11;38,52;;09/09/11;38,55;;09/09/11;34,55;;09/09/11;32,85
12/09/11;38,59;;12/09/11;38,3;;12/09/11;35,05;;12/09/11;33,25
13/09/11;36,91;;13/09/11;37,85;;13/09/11;35,15;;13/09/11;33,35
14/09/11;34,6;;14/09/11;35,75;;14/09/11;34,1;;14/09/11;32,75
15/09/11;31,97;;15/09/11;33,2;;15/09/11;32,55;;15/09/11;31,7
16/09/11;30,98;;16/09/11;32,05;;16/09/11;31,85;;16/09/11;31,25
19/09/11;32,73;;19/09/11;33,7;;19/09/11;33,1;;19/09/11;32,15
20/09/11;32,86;;20/09/11;33,5;;20/09/11;32,95;;20/09/11;31,85
21/09/11;37,32;;21/09/11;35,75;;21/09/11;33,75;;21/09/11;31,55
22/09/11;41,35;;22/09/11;38,55;;22/09/11;35,75;;22/09/11;33,15
23/09/11;41,25;;23/09/11;39,1;;23/09/11;35,9;;23/09/11;33,25
26/09/11;39,02;;26/09/11;37,5;;26/09/11;34,7;;26/09/11;32,35
27/09/11;37,71;;27/09/11;36,75;;27/09/11;34,3;;27/09/11;32
28/09/11;41,08;;28/09/11;39,45;;28/09/11;36,05;;28/09/11;33,5
29/09/11;38,84;;29/09/11;38,6;;29/09/11;35,3;;29/09/11;32,95
30/09/11;42,96;;30/09/11;42,15;;30/09/11;37,75;;30/09/11;34,8
03/10/11;45,45;;03/10/11;45,05;;03/10/11;40,55;;03/10/11;36,7
04/10/11;40,82;;04/10/11;40,8;;04/10/11;38,1;;04/10/11;35,2
05/10/11;37,81;;05/10/11;38,45;;05/10/11;36,3;;05/10/11;34,1
06/10/11;36,27;;06/10/11;37,85;;06/10/11;35,9;;06/10/11;33,75
07/10/11;36,2;;07/10/11;37,95;;07/10/11;35,95;;07/10/11;33,85
10/10/11;33,02;;10/10/11;34,7;;10/10/11;33,65;;10/10/11;32,1
11/10/11;32,86;;11/10/11;34,5;;11/10/11;33,5;;11/10/11;32,05
12/10/11;31,26;;12/10/11;32,25;;12/10/11;31,45;;12/10/11;30,55
13/10/11;30,7;;13/10/11;32,1;;13/10/11;31,2;;13/10/11;30,3
14/10/11;28,24;;14/10/11;29,75;;14/10/11;29,35;;14/10/11;28,9
17/10/11;33,39;;17/10/11;34,2;;17/10/11;32,95;;17/10/11;31
18/10/11;31,56;;18/10/11;32,15;;18/10/11;31;;18/10/11;29,95
19/10/11;34,44;;19/10/11;33,85;;19/10/11;31,55;;19/10/11;32,6
20/10/11;34,78;;20/10/11;34,1;;20/10/11;31,55;;20/10/11;32,6
21/10/11;31,32;;21/10/11;31,6;;21/10/11;30;;21/10/11;31,2
24/10/11;29,26;;24/10/11;29,75;;24/10/11;28,85;;24/10/11;30,25
25/10/11;32,22;;25/10/11;32,4;;25/10/11;30,25;;25/10/11;31,4
26/10/11;29,86;;26/10/11;30,5;;26/10/11;29,2;;26/10/11;30,4
27/10/11;25,46;;27/10/11;26,2;;27/10/11;25,8;;27/10/11;27,5
28/10/11;24,53;;28/10/11;26,25;;28/10/11;25,55;;28/10/11;27,35
31/10/11;29,96;;31/10/11;29,95;;31/10/11;28,2;;31/10/11;29,8
01/11/11;34,77;;01/11/11;33,95;;01/11/11;31,25;;01/11/11;32,15
02/11/11;32,74;;02/11/11;32,7;;02/11/11;30,4;;02/11/11;31,55
03/11/11;30,5;;03/11/11;30,95;;03/11/11;29,25;;03/11/11;30,6
04/11/11;30,16;;04/11/11;31,4;;04/11/11;29,85;;04/11/11;30,95
07/11/11;29,85;;07/11/11;31,1;;07/11/11;29,75;;07/11/11;30,95
08/11/11;27,48;;08/11/11;28,9;;08/11/11;28,35;;08/11/11;30
09/11/11;36,16;;09/11/11;36,45;;09/11/11;33,45;;09/11/11;34,35
10/11/11;32,81;;10/11/11;33,45;;10/11/11;31,5;;10/11/11;32,9
11/11/11;30,04;;11/11/11;31,4;;11/11/11;30,2;;11/11/11;31,75
14/11/11;31,13;;14/11/11;32,1;;14/11/11;30,75;;14/11/11;32,1
15/11/11;31,22;;15/11/11;32,05;;15/11/11;30,7;;15/11/11;32,2
16/11/11;33,51;;16/11/11;32,65;;16/11/11;33,6;;16/11/11;32,8
17/11/11;34,51;;17/11/11;33,75;;17/11/11;34,65;;17/11/11;33,8
18/11/11;32;;18/11/11;32,35;;18/11/11;33,75;;18/11/11;33,3
21/11/11;32,91;;21/11/11;32,95;;21/11/11;34,35;;21/11/11;33,8
22/11/11;31,97;;22/11/11;32,3;;22/11/11;33,85;;22/11/11;33,4
23/11/11;33,98;;23/11/11;33,6;;23/11/11;35,05;;23/11/11;34,45
25/11/11;34,47;;25/11/11;34,5;;25/11/11;35,6;;25/11/11;35,05
28/11/11;32,13;;28/11/11;32;;28/11/11;33,7;;28/11/11;33,3
29/11/11;30,64;;29/11/11;31,35;;29/11/11;33,2;;29/11/11;33
30/11/11;27,8;;30/11/11;28,35;;30/11/11;30,9;;30/11/11;31,3
01/12/11;27,41;;01/12/11;27,9;;01/12/11;30,15;;01/12/11;30,6
02/12/11;27,52;;02/12/11;27,8;;02/12/11;29,9;;02/12/11;30,45
05/12/11;27,84;;05/12/11;27,8;;05/12/11;29,7;;05/12/11;30,1
06/12/11;28,13;;06/12/11;28,1;;06/12/11;29,95;;06/12/11;30,2
07/12/11;28,67;;07/12/11;28,6;;07/12/11;30,6;;07/12/11;30,6
08/12/11;30,59;;08/12/11;30,15;;08/12/11;32,1;;08/12/11;31,75
09/12/11;26,38;;09/12/11;27,2;;09/12/11;29,55;;09/12/11;30,25
12/12/11;25,67;;12/12/11;27,6;;12/12/11;30,1;;12/12/11;30,8
13/12/11;25,41;;13/12/11;27,1;;13/12/11;29,9;;13/12/11;30,75
14/12/11;26,04;;14/12/11;27,1;;14/12/11;30,1;;14/12/11;31,1
15/12/11;25,11;;15/12/11;26,35;;15/12/11;28,9;;15/12/11;30,2
16/12/11;24,29;;16/12/11;26,1;;16/12/11;28,85;;16/12/11;29,85
19/12/11;24,92;;19/12/11;25,6;;19/12/11;28,35;;19/12/11;29,3
20/12/11;23,22;;20/12/11;23,85;;20/12/11;26,55;;20/12/11;27,65
21/12/11;21,43;;21/12/11;24,5;;21/12/11;25,85;;21/12/11;27,05
22/12/11;21,16;;22/12/11;25,1;;22/12/11;26;;22/12/11;27,2
23/12/11;20,73;;23/12/11;25,7;;23/12/11;26,4;;23/12/11;27,45
27/12/11;21,91;;27/12/11;25,45;;27/12/11;26,2;;27/12/11;27,2
28/12/11;23,52;;28/12/11;26,7;;28/12/11;27,1;;28/12/11;27,8
29/12/11;22,65;;29/12/11;25,95;;29/12/11;26,55;;29/12/11;27,35
30/12/11;23,4;;30/12/11;26,7;;30/12/11;27,15;;30/12/11;27,75
03/01/12;22,97;;03/01/12;24,8;;03/01/12;25,8;;03/01/12;26,8
04/01/12;22,22;;04/01/12;24,2;;04/01/12;25,3;;04/01/12;26,35
05/01/12;21,48;;05/01/12;23,75;;05/01/12;24,9;;05/01/12;26
06/01/12;20,63;;06/01/12;23,05;;06/01/12;24,4;;06/01/12;25,55
09/01/12;21,07;;09/01/12;22,85;;09/01/12;24,15;;09/01/12;25,4
10/01/12;20,69;;10/01/12;22,35;;10/01/12;23,65;;10/01/12;25,1
11/01/12;21,05;;11/01/12;22,95;;11/01/12;24,15;;11/01/12;25,4
12/01/12;20,47;;12/01/12;22,2;;12/01/12;23,75;;12/01/12;25,25
13/01/12;20,91;;13/01/12;22,55;;13/01/12;24,1;;13/01/12;25,65
17/01/12;22,2;;17/01/12;22,45;;17/01/12;23,95;;17/01/12;25,55
18/01/12;20,89;;18/01/12;23,2;;18/01/12;24,95;;18/01/12;26,15
19/01/12;19,87;;19/01/12;22,55;;19/01/12;24,4;;19/01/12;25,8
20/01/12;18,28;;20/01/12;21,85;;20/01/12;23,9;;20/01/12;25,3
23/01/12;18,67;;23/01/12;21,3;;23/01/12;23,5;;23/01/12;24,85
24/01/12;18,91;;24/01/12;21,2;;24/01/12;23,25;;24/01/12;24,65
25/01/12;18,31;;25/01/12;20,6;;25/01/12;22,5;;25/01/12;24,15
26/01/12;18,57;;26/01/12;20,55;;26/01/12;22,55;;26/01/12;24,3
27/01/12;18,53;;27/01/12;20,15;;27/01/12;22,2;;27/01/12;23,85
30/01/12;19,4;;30/01/12;20,7;;30/01/12;22,55;;30/01/12;24,1
31/01/12;19,44;;31/01/12;20,9;;31/01/12;22,75;;31/01/12;24,25
01/02/12;18,55;;01/02/12;19,85;;01/02/12;22,05;;01/02/12;23,75
02/02/12;17,98;;02/02/12;19,15;;02/02/12;21,35;;02/02/12;23,15
03/02/12;17,1;;03/02/12;17,95;;03/02/12;20,55;;03/02/12;22,5
06/02/12;17,76;;06/02/12;18,1;;06/02/12;20,2;;06/02/12;22,15
07/02/12;17,65;;07/02/12;18,4;;07/02/12;20,4;;07/02/12;22,05
08/02/12;18,16;;08/02/12;19,2;;08/02/12;21;;08/02/12;22,45
09/02/12;18,63;;09/02/12;20;;09/02/12;21,95;;09/02/12;23,3
10/02/12;20,79;;10/02/12;21,75;;10/02/12;23,55;;10/02/12;24,25
13/02/12;19,04;;13/02/12;19,25;;13/02/12;21,9;;13/02/12;23,65
14/02/12;19,54;;14/02/12;19,8;;14/02/12;22,45;;14/02/12;23,95
15/02/12;21,14;;15/02/12;24,25;;15/02/12;25,6;;15/02/12;26,3
16/02/12;19,22;;16/02/12;22,8;;16/02/12;24,65;;16/02/12;25,65
17/02/12;17,78;;17/02/12;22,6;;17/02/12;24,8;;17/02/12;25,75
21/02/12;18,19;;21/02/12;22,55;;21/02/12;25,15;;21/02/12;26,2
22/02/12;18,19;;22/02/12;21,8;;22/02/12;24,55;;22/02/12;25,65
23/02/12;16,8;;23/02/12;20,25;;23/02/12;23,35;;23/02/12;24,8
24/02/12;17,31;;24/02/12;21,2;;24/02/12;24,3;;24/02/12;25,8
27/02/12;18,19;;27/02/12;21,55;;27/02/12;24,55;;27/02/12;26,2
28/02/12;17,96;;28/02/12;20,85;;28/02/12;24,05;;28/02/12;25,75
29/02/12;18,43;;29/02/12;21;;29/02/12;24;;29/02/12;25,6
01/03/12;17,26;;01/03/12;20,05;;01/03/12;23,3;;01/03/12;25
02/03/12;17,29;;02/03/12;20,4;;02/03/12;23,7;;02/03/12;25,45
05/03/12;18,05;;05/03/12;20,15;;05/03/12;23,65;;05/03/12;25,55
06/03/12;20,87;;06/03/12;22,5;;06/03/12;25,3;;06/03/12;26,6
07/03/12;19,07;;07/03/12;20,65;;07/03/12;23,95;;07/03/12;25,6
08/03/12;17,95;;08/03/12;19,7;;08/03/12;23,25;;08/03/12;25
09/03/12;17,11;;09/03/12;19,05;;09/03/12;22,75;;09/03/12;24,6
12/03/12;15,64;;12/03/12;17,75;;12/03/12;21,75;;12/03/12;23,95
13/03/12;14,8;;13/03/12;17;;13/03/12;21;;13/03/12;23,2
14/03/12;15,31;;14/03/12;17,8;;14/03/12;22,1;;14/03/12;24
15/03/12;15,42;;15/03/12;17,05;;15/03/12;21,75;;15/03/12;23,85
16/03/12;14,47;;16/03/12;16,15;;16/03/12;21,6;;16/03/12;23,8
19/03/12;15,04;;19/03/12;15,55;;19/03/12;20;;19/03/12;22,75
20/03/12;15,58;;20/03/12;15,65;;20/03/12;19,1;;20/03/12;22,1
21/03/12;15,13;;21/03/12;18,1;;21/03/12;21,2;;21/03/12;22,85
22/03/12;15,57;;22/03/12;18,35;;22/03/12;21,6;;22/03/12;23,3
23/03/12;14,82;;23/03/12;17;;23/03/12;20,2;;23/03/12;22,35
26/03/12;14,26;;26/03/12;15,6;;26/03/12;18,3;;26/03/12;20,6
27/03/12;15,59;;27/03/12;17,6;;27/03/12;19,55;;27/03/12;21,35
28/03/12;15,47;;28/03/12;17,65;;28/03/12;19,7;;28/03/12;21,4
29/03/12;15,48;;29/03/12;17,1;;29/03/12;19,55;;29/03/12;21,3
30/03/12;15,5;;30/03/12;16,8;;30/03/12;19;;30/03/12;20,65
02/04/12;15,64;;02/04/12;17;;02/04/12;18,85;;02/04/12;20,65
03/04/12;15,66;;03/04/12;17,25;;03/04/12;19,3;;03/04/12;20,9
04/04/12;16,44;;04/04/12;17,95;;04/04/12;19,9;;04/04/12;21,25
05/04/12;16,7;;05/04/12;18,45;;05/04/12;20,45;;05/04/12;21,65
09/04/12;18,81;;09/04/12;19,6;;09/04/12;21,45;;09/04/12;22,6
10/04/12;20,39;;10/04/12;21,15;;10/04/12;22,7;;10/04/12;23,8
11/04/12;20,02;;11/04/12;20,7;;11/04/12;22,35;;11/04/12;23,7
12/04/12;17,2;;12/04/12;18,2;;12/04/12;20;;12/04/12;21,95
13/04/12;19,55;;13/04/12;19,95;;13/04/12;21,7;;13/04/12;23,3
16/04/12;19,55;;16/04/12;19,85;;16/04/12;21,35;;16/04/12;22,95
17/04/12;18,46;;17/04/12;18,2;;17/04/12;19,95;;17/04/12;22
18/04/12;18,64;;18/04/12;20,55;;18/04/12;22,45;;18/04/12;23,65
19/04/12;18,36;;19/04/12;20,4;;19/04/12;22,45;;19/04/12;23,75
20/04/12;17,44;;20/04/12;19,7;;20/04/12;21,9;;20/04/12;23,3
23/04/12;18,97;;23/04/12;20,6;;23/04/12;22,55;;23/04/12;23,9
24/04/12;18,1;;24/04/12;19,75;;24/04/12;21,8;;24/04/12;23,4
25/04/12;16,82;;25/04/12;18,55;;25/04/12;20,8;;25/04/12;22,3
26/04/12;16,24;;26/04/12;18;;26/04/12;20,3;;26/04/12;21,9
27/04/12;16,32;;27/04/12;18,05;;27/04/12;20,15;;27/04/12;21,65
30/04/12;17,15;;30/04/12;18,45;;30/04/12;20,5;;30/04/12;21,9
01/05/12;16,6;;01/05/12;18;;01/05/12;20,05;;01/05/12;21,65
02/05/12;16,88;;02/05/12;18,05;;02/05/12;19,95;;02/05/12;21,6
03/05/12;17,56;;03/05/12;18,8;;03/05/12;20,55;;03/05/12;22
04/05/12;19,16;;04/05/12;20;;04/05/12;21,45;;04/05/12;22,7
07/05/12;18,94;;07/05/12;19,35;;07/05/12;20,85;;07/05/12;22,3
08/05/12;19,05;;08/05/12;19,55;;08/05/12;21;;08/05/12;22,5
09/05/12;20,08;;09/05/12;20,5;;09/05/12;21,85;;09/05/12;23,2
10/05/12;18,83;;10/05/12;19,35;;10/05/12;20,85;;10/05/12;22,45
11/05/12;19,89;;11/05/12;20,1;;11/05/12;21,6;;11/05/12;23
14/05/12;21,87;;14/05/12;21,95;;14/05/12;23;;14/05/12;24,1
15/05/12;21,97;;15/05/12;21,85;;15/05/12;23,9;;15/05/12;24,75
16/05/12;22,27;;16/05/12;24,4;;16/05/12;25,45;;16/05/12;26,15
17/05/12;24,49;;17/05/12;26,2;;17/05/12;26,7;;17/05/12;27,15
18/05/12;25,1;;18/05/12;28,2;;18/05/12;28,15;;18/05/12;28,4
21/05/12;22,01;;21/05/12;24,25;;21/05/12;25,85;;21/05/12;26,55
22/05/12;22,48;;22/05/12;24,95;;22/05/12;26,5;;22/05/12;27,1
23/05/12;22,33;;23/05/12;24,8;;23/05/12;26,35;;23/05/12;26,9
24/05/12;21,54;;24/05/12;24,25;;24/05/12;26;;24/05/12;26,55
25/05/12;21,76;;25/05/12;24,55;;25/05/12;26,1;;25/05/12;26,55
29/05/12;21,03;;29/05/12;23;;29/05/12;24,8;;29/05/12;25,6
30/05/12;24,14;;30/05/12;25,7;;30/05/12;26,9;;30/05/12;27,15
31/05/12;24,06;;31/05/12;26;;31/05/12;27,35;;31/05/12;27,55
01/06/12;26,66;;01/06/12;27,75;;01/06/12;29,15;;01/06/12;29,2
04/06/12;26,12;;04/06/12;26,95;;04/06/12;28,45;;04/06/12;28,9
05/06/12;24,68;;05/06/12;25,6;;05/06/12;27,35;;05/06/12;28,05
06/06/12;22,16;;06/06/12;23,4;;06/06/12;25,5;;06/06/12;26,6
07/06/12;21,72;;07/06/12;23,05;;07/06/12;25,3;;07/06/12;26,35
08/06/12;21,23;;08/06/12;21,7;;08/06/12;23,85;;08/06/12;25,1
11/06/12;23,56;;11/06/12;24,55;;11/06/12;26,4;;11/06/12;27,25
12/06/12;22,09;;12/06/12;23,45;;12/06/12;25,55;;12/06/12;26,75
13/06/12;24,27;;13/06/12;24,95;;13/06/12;26,75;;13/06/12;27,9
14/06/12;21,68;;14/06/12;22,95;;14/06/12;25,1;;14/06/12;26,5
15/06/12;21,11;;15/06/12;21,5;;15/06/12;23,65;;15/06/12;25,25
18/06/12;18,32;;18/06/12;19;;18/06/12;21,8;;18/06/12;23,9
19/06/12;18,38;;19/06/12;18,45;;19/06/12;21,9;;19/06/12;23,8
20/06/12;17,24;;20/06/12;20,45;;20/06/12;22,7;;20/06/12;24,35
21/06/12;20,08;;21/06/12;23,35;;21/06/12;24,75;;21/06/12;26,05
22/06/12;18,11;;22/06/12;21,85;;22/06/12;23,9;;22/06/12;25,5
25/06/12;20,38;;25/06/12;22,45;;25/06/12;24,25;;25/06/12;25,7
26/06/12;19,72;;26/06/12;21,75;;26/06/12;23,7;;26/06/12;25,2
27/06/12;19,45;;27/06/12;21,7;;27/06/12;23,65;;27/06/12;25,1
28/06/12;19,71;;28/06/12;21,35;;28/06/12;23,3;;28/06/12;24,75
29/06/12;17,08;;29/06/12;19,55;;29/06/12;21,95;;29/06/12;23,65
02/07/12;16,8;;02/07/12;18,15;;02/07/12;20,65;;02/07/12;22,6
03/07/12;16,66;;03/07/12;17,7;;03/07/12;20,2;;03/07/12;22
05/07/12;17,5;;05/07/12;18,8;;05/07/12;20,9;;05/07/12;22,7
06/07/12;17,1;;06/07/12;18,25;;06/07/12;20,6;;06/07/12;22,3
09/07/12;17,98;;09/07/12;18,4;;09/07/12;20,5;;09/07/12;22,2
10/07/12;18,72;;10/07/12;19,25;;10/07/12;21,2;;10/07/12;22,7
11/07/12;17,95;;11/07/12;18,3;;11/07/12;20,45;;11/07/12;22,25
12/07/12;18,33;;12/07/12;18,5;;12/07/12;20,6;;12/07/12;22,45
13/07/12;16,74;;13/07/12;17,45;;13/07/12;19,35;;13/07/12;21,45
16/07/12;17,11;;16/07/12;17,3;;16/07/12;19,3;;16/07/12;21,3
17/07/12;16,48;;17/07/12;16,65;;17/07/12;18,55;;17/07/12;20,55
18/07/12;16,16;;18/07/12;18,65;;18/07/12;20,6;;18/07/12;22,25
19/07/12;15,45;;19/07/12;18,2;;19/07/12;20,15;;19/07/12;21,95
20/07/12;16,27;;20/07/12;19,15;;20/07/12;20,95;;20/07/12;22,65
23/07/12;18,62;;23/07/12;20,8;;23/07/12;22,3;;23/07/12;23,9
24/07/12;20,47;;24/07/12;21,85;;24/07/12;23,2;;24/07/12;24,5
25/07/12;19,34;;25/07/12;21,1;;25/07/12;22,45;;25/07/12;23,95
26/07/12;17,53;;26/07/12;19,15;;26/07/12;20,9;;26/07/12;22,6
27/07/12;16,7;;27/07/12;18,6;;27/07/12;20,65;;27/07/12;22,45
30/07/12;18,03;;30/07/12;19,5;;30/07/12;21,25;;30/07/12;22,9
31/07/12;18,93;;31/07/12;19,9;;31/07/12;21,65;;31/07/12;23,1
01/08/12;18,96;;01/08/12;19,7;;01/08/12;21,35;;01/08/12;23
02/08/12;17,57;;02/08/12;18,7;;02/08/12;20,7;;02/08/12;22,6
03/08/12;15,64;;03/08/12;17,2;;03/08/12;19,4;;03/08/12;21,45
06/08/12;15,95;;06/08/12;16,85;;06/08/12;19;;06/08/12;21,05
07/08/12;15,99;;07/08/12;17,65;;07/08/12;19,7;;07/08/12;21,5
08/08/12;15,32;;08/08/12;16,8;;08/08/12;18,9;;08/08/12;20,75
09/08/12;15,28;;09/08/12;16,55;;09/08/12;18,65;;09/08/12;20,65
10/08/12;14,74;;10/08/12;16,35;;10/08/12;18,55;;10/08/12;20,5
13/08/12;13,7;;13/08/12;15,8;;13/08/12;18,25;;13/08/12;20,3
14/08/12;14,85;;14/08/12;16,4;;14/08/12;19;;14/08/12;20,85
15/08/12;14,63;;15/08/12;16,2;;15/08/12;19;;15/08/12;20,95
16/08/12;14,29;;16/08/12;15,9;;16/08/12;18,75;;16/08/12;20,7
17/08/12;13,45;;17/08/12;15,1;;17/08/12;18,2;;17/08/12;20,3
20/08/12;14,02;;20/08/12;14,65;;20/08/12;18,25;;20/08/12;20,5
21/08/12;15,02;;21/08/12;14,9;;21/08/12;18,75;;21/08/12;20,85
22/08/12;15,11;;22/08/12;19;;22/08/12;21,25;;22/08/12;22,8
23/08/12;15,96;;23/08/12;19,3;;23/08/12;21,6;;23/08/12;23,2
24/08/12;15,18;;24/08/12;18,55;;24/08/12;21,2;;24/08/12;22,95
27/08/12;16,35;;27/08/12;18,8;;27/08/12;21,3;;27/08/12;22,9
28/08/12;16,49;;28/08/12;19;;28/08/12;21,45;;28/08/12;23,1
29/08/12;17,06;;29/08/12;19,25;;29/08/12;21,7;;29/08/12;23,25
30/08/12;17,83;;30/08/12;19,7;;30/08/12;22;;30/08/12;23,55
31/08/12;17,47;;31/08/12;18,95;;31/08/12;21,2;;31/08/12;22,85
04/09/12;17,98;;04/09/12;18,65;;04/09/12;20,75;;04/09/12;22,55
05/09/12;17,74;;05/09/12;18,15;;05/09/12;20,35;;05/09/12;22,15
06/09/12;15,6;;06/09/12;16,1;;06/09/12;18,55;;06/09/12;20,6
07/09/12;14,38;;07/09/12;15,1;;07/09/12;17,55;;07/09/12;19,7
10/09/12;16,28;;10/09/12;16,5;;10/09/12;18,55;;10/09/12;20,4
11/09/12;16,41;;11/09/12;16,6;;11/09/12;18,35;;11/09/12;19,95
12/09/12;15,8;;12/09/12;15,8;;12/09/12;17,6;;12/09/12;19,15
13/09/12;14,05;;13/09/12;14,9;;13/09/12;16,45;;13/09/12;17,95
14/09/12;14,51;;14/09/12;15,75;;14/09/12;17,35;;14/09/12;18,4
17/09/12;14,59;;17/09/12;15;;17/09/12;16,85;;17/09/12;18,25
18/09/12;14,18;;18/09/12;14,3;;18/09/12;16,25;;18/09/12;17,75
19/09/12;13,88;;19/09/12;16,05;;19/09/12;17,7;;19/09/12;19
20/09/12;14,07;;20/09/12;16,4;;20/09/12;18,05;;20/09/12;19,2
21/09/12;13,98;;21/09/12;16,05;;21/09/12;17,9;;21/09/12;19,25
24/09/12;14,15;;24/09/12;15,9;;24/09/12;17,6;;24/09/12;19
25/09/12;15,43;;25/09/12;17,15;;25/09/12;18,35;;25/09/12;19,5
26/09/12;16,81;;26/09/12;17,75;;26/09/12;18,9;;26/09/12;19,95
27/09/12;14,84;;27/09/12;16,1;;27/09/12;17,75;;27/09/12;18,95
28/09/12;15,73;;28/09/12;16,4;;28/09/12;18,05;;28/09/12;19,2
01/10/12;16,32;;01/10/12;16,95;;01/10/12;18,3;;01/10/12;19,2
02/10/12;15,71;;02/10/12;16,6;;02/10/12;17,95;;02/10/12;19
03/10/12;15,43;;03/10/12;16,5;;03/10/12;17,7;;03/10/12;18,8
04/10/12;14,55;;04/10/12;15,8;;04/10/12;17,4;;04/10/12;18,4
05/10/12;14,33;;05/10/12;15,75;;05/10/12;17,25;;05/10/12;18,25
08/10/12;15,11;;08/10/12;15,9;;08/10/12;17,4;;08/10/12;18,35
09/10/12;16,37;;09/10/12;16,7;;09/10/12;18,05;;09/10/12;18,75
10/10/12;16,29;;10/10/12;16,75;;10/10/12;18,15;;10/10/12;19
11/10/12;15,59;;11/10/12;16,2;;11/10/12;17,55;;11/10/12;18,5
12/10/12;16,14;;12/10/12;16,65;;12/10/12;18;;12/10/12;18,65
15/10/12;15,27;;15/10/12;15,7;;15/10/12;17,15;;15/10/12;18,05
16/10/12;15,22;;16/10/12;15,5;;16/10/12;16,75;;16/10/12;17,65
17/10/12;15,07;;17/10/12;16,45;;17/10/12;17,5;;17/10/12;19
18/10/12;15,03;;18/10/12;16,7;;18/10/12;17,6;;18/10/12;19,2
19/10/12;17,06;;19/10/12;17,6;;19/10/12;18,45;;19/10/12;20
22/10/12;16,62;;22/10/12;17,35;;22/10/12;18,05;;22/10/12;19,6
23/10/12;18,83;;23/10/12;19,2;;23/10/12;19,4;;23/10/12;20,6
24/10/12;18,33;;24/10/12;18,75;;24/10/12;19,1;;24/10/12;20,35
25/10/12;18,12;;25/10/12;18,3;;25/10/12;18,9;;25/10/12;20,15
26/10/12;17,81;;26/10/12;18,25;;26/10/12;18,9;;26/10/12;20,15
31/10/12;18,6;;31/10/12;18,95;;31/10/12;19,5;;31/10/12;20,65
01/11/12;16,69;;01/11/12;16,9;;01/11/12;17,9;;01/11/12;19,2
02/11/12;17,59;;02/11/12;17,8;;02/11/12;18,6;;02/11/12;20
05/11/12;18,42;;05/11/12;18,1;;05/11/12;18,9;;05/11/12;20,25
06/11/12;17,58;;06/11/12;17,05;;06/11/12;18,1;;06/11/12;19,45
07/11/12;19,08;;07/11/12;18,85;;07/11/12;19,5;;07/11/12;20,55
08/11/12;18,49;;08/11/12;18,5;;08/11/12;19,3;;08/11/12;20,55
09/11/12;18,61;;09/11/12;18,6;;09/11/12;19,6;;09/11/12;20,9
12/11/12;16,68;;12/11/12;17,1;;12/11/12;18,35;;12/11/12;20
13/11/12;16,65;;13/11/12;16,95;;13/11/12;18,2;;13/11/12;19,9
14/11/12;17,92;;14/11/12;17,85;;14/11/12;19;;14/11/12;20,5
15/11/12;17,99;;15/11/12;18,05;;15/11/12;19,15;;15/11/12;20,6
16/11/12;16,41;;16/11/12;16,75;;16/11/12;18,2;;16/11/12;19,9
19/11/12;15,24;;19/11/12;15,25;;19/11/12;16,6;;19/11/12;18,65
20/11/12;15,08;;20/11/12;15,15;;20/11/12;16,4;;20/11/12;18,05
21/11/12;15,31;;21/11/12;16,45;;21/11/12;18,35;;21/11/12;19,4
23/11/12;15,14;;23/11/12;16,1;;23/11/12;17,9;;23/11/12;19,15
26/11/12;15,5;;26/11/12;15,6;;26/11/12;17,45;;26/11/12;18,75
27/11/12;15,92;;27/11/12;16,15;;27/11/12;17,8;;27/11/12;19
28/11/12;15,51;;28/11/12;15,5;;28/11/12;17,3;;28/11/12;18,55
29/11/12;15,06;;29/11/12;15,25;;29/11/12;17;;29/11/12;18,25
30/11/12;15,87;;30/11/12;15,55;;30/11/12;17,15;;30/11/12;18,4
03/12/12;16,64;;03/12/12;16,4;;03/12/12;17,7;;03/12/12;18,85
04/12/12;17,12;;04/12/12;16,5;;04/12/12;17,9;;04/12/12;18,95
05/12/12;16,46;;05/12/12;16,1;;05/12/12;17,35;;05/12/12;18,35
06/12/12;16,58;;06/12/12;16,4;;06/12/12;17,65;;06/12/12;18,55
07/12/12;15,9;;07/12/12;16;;07/12/12;17,25;;07/12/12;18,3
10/12/12;16,05;;10/12/12;16;;10/12/12;17,05;;10/12/12;18,1
11/12/12;15,57;;11/12/12;15,55;;11/12/12;16,5;;11/12/12;17,65
12/12/12;15,95;;12/12/12;16,1;;12/12/12;17,15;;12/12/12;18,1
13/12/12;16,56;;13/12/12;16,6;;13/12/12;17,35;;13/12/12;18,4
14/12/12;17;;14/12/12;16,85;;14/12/12;17,2;;14/12/12;18,25
17/12/12;16,34;;17/12/12;16,2;;17/12/12;16,5;;17/12/12;17,55
18/12/12;15,57;;18/12/12;15,55;;18/12/12;16,15;;18/12/12;17,1
19/12/12;17,36;;19/12/12;17,1;;19/12/12;17,9;;19/12/12;18,75
20/12/12;17,67;;20/12/12;17,5;;20/12/12;18,15;;20/12/12;19,05
21/12/12;17,84;;21/12/12;18,25;;21/12/12;18,55;;21/12/12;19,5
24/12/12;18,59;;24/12/12;18,65;;24/12/12;18,95;;24/12/12;19,7
26/12/12;19,48;;26/12/12;19,5;;26/12/12;19,55;;26/12/12;20,2
27/12/12;19,47;;27/12/12;19,1;;27/12/12;19,4;;27/12/12;20,1
28/12/12;22,72;;28/12/12;22,35;;28/12/12;21,95;;28/12/12;22
31/12/12;18,02;;31/12/12;17,7;;31/12/12;18,5;;31/12/12;19,6
02/01/13;14,68;;02/01/13;15,6;;02/01/13;16,75;;02/01/13;18,1
03/01/13;14,56;;03/01/13;15,9;;03/01/13;16,95;;03/01/13;18,15
04/01/13;13,83;;04/01/13;15,3;;04/01/13;16,7;;04/01/13;18,05
07/01/13;13,79;;07/01/13;14,75;;07/01/13;16,45;;07/01/13;17,95
08/01/13;13,62;;08/01/13;14,65;;08/01/13;16,45;;08/01/13;17,9
09/01/13;13,81;;09/01/13;14,7;;09/01/13;16,4;;09/01/13;17,95
10/01/13;13,49;;10/01/13;14,2;;10/01/13;16,1;;10/01/13;17,75
11/01/13;13,36;;11/01/13;14,15;;11/01/13;16;;11/01/13;17,65
14/01/13;13,52;;14/01/13;14,1;;14/01/13;15,95;;14/01/13;17,35
15/01/13;13,55;;15/01/13;14,2;;15/01/13;15,8;;15/01/13;17,25
16/01/13;13,42;;16/01/13;15,5;;16/01/13;17,1;;16/01/13;17,95
17/01/13;13,57;;17/01/13;15,7;;17/01/13;17;;17/01/13;17,9
18/01/13;12,46;;18/01/13;14,65;;18/01/13;16,3;;18/01/13;17,25
22/01/13;12,43;;22/01/13;14,05;;22/01/13;15,4;;22/01/13;16,5
23/01/13;12,46;;23/01/13;13,7;;23/01/13;15,05;;23/01/13;16,25
24/01/13;12,69;;24/01/13;13,95;;24/01/13;15,1;;24/01/13;16,15
25/01/13;12,89;;25/01/13;14,1;;25/01/13;15,15;;25/01/13;16,1
28/01/13;13,57;;28/01/13;14,6;;28/01/13;15,35;;28/01/13;16,3
29/01/13;13,31;;29/01/13;14,05;;29/01/13;14,95;;29/01/13;16
30/01/13;14,32;;30/01/13;15,15;;30/01/13;15,8;;30/01/13;16,6
31/01/13;14,28;;31/01/13;14,9;;31/01/13;15,75;;31/01/13;16,7
01/02/13;12,9;;01/02/13;14,3;;01/02/13;15,4;;01/02/13;16,35
04/02/13;14,67;;04/02/13;15,3;;04/02/13;15,9;;04/02/13;16,75
05/02/13;13,72;;05/02/13;14,4;;05/02/13;15,6;;05/02/13;16,6
06/02/13;13,41;;06/02/13;14,15;;06/02/13;15,35;;06/02/13;16,45
07/02/13;13,5;;07/02/13;14,1;;07/02/13;15,35;;07/02/13;16,35
08/02/13;13,02;;08/02/13;13,8;;08/02/13;15,05;;08/02/13;16,1
11/02/13;12,94;;11/02/13;13,5;;11/02/13;14,95;;11/02/13;15,85
12/02/13;12,64;;12/02/13;13;;12/02/13;14,8;;12/02/13;15,8
13/02/13;12,98;;13/02/13;14,75;;13/02/13;15,85;;13/02/13;16,55
14/02/13;12,66;;14/02/13;14,55;;14/02/13;15,75;;14/02/13;16,45
15/02/13;12,46;;15/02/13;14,5;;15/02/13;15,65;;15/02/13;16,4
19/02/13;12,31;;19/02/13;13,9;;19/02/13;14,95;;19/02/13;15,75
20/02/13;14,68;;20/02/13;15,4;;20/02/13;16;;20/02/13;16,55
21/02/13;15,22;;21/02/13;15,5;;21/02/13;16,15;;21/02/13;16,75
22/02/13;14,17;;22/02/13;14,85;;22/02/13;15,7;;22/02/13;16,45
25/02/13;18,99;;25/02/13;17,65;;25/02/13;17,5;;25/02/13;17,55
26/02/13;16,87;;26/02/13;17,05;;26/02/13;17,35;;26/02/13;17,6
27/02/13;14,73;;27/02/13;15,4;;27/02/13;16,1;;27/02/13;16,75
28/02/13;15,51;;28/02/13;16,15;;28/02/13;16,7;;28/02/13;17,05
01/03/13;15,36;;01/03/13;16,4;;01/03/13;16,95;;01/03/13;17,35
04/03/13;14,01;;04/03/13;15;;04/03/13;15,85;;04/03/13;16,55
05/03/13;13,48;;05/03/13;14,55;;05/03/13;15,55;;05/03/13;16,35
06/03/13;13,53;;06/03/13;14,7;;06/03/13;15,55;;06/03/13;16,35
07/03/13;13,06;;07/03/13;14,2;;07/03/13;15,25;;07/03/13;16,1
08/03/13;12,59;;08/03/13;13,8;;08/03/13;15,1;;08/03/13;16,05
11/03/13;11,56;;11/03/13;13;;11/03/13;14,45;;11/03/13;15,55
12/03/13;12,27;;12/03/13;13,25;;12/03/13;14,8;;12/03/13;15,8
13/03/13;11,83;;13/03/13;12,95;;13/03/13;14,7;;13/03/13;15,85
14/03/13;11,3;;14/03/13;12,55;;14/03/13;14,6;;14/03/13;15,75
15/03/13;11,3;;15/03/13;12,55;;15/03/13;14,7;;15/03/13;15,85
18/03/13;13,36;;18/03/13;13,7;;18/03/13;15,4;;18/03/13;16,35
19/03/13;14,39;;19/03/13;14,8;;19/03/13;15,4;;19/03/13;16,25
20/03/13;12,67;;20/03/13;14,5;;20/03/13;15,95;;20/03/13;16,75
21/03/13;13,99;;21/03/13;14,95;;21/03/13;16,15;;21/03/13;16,95
22/03/13;13,57;;22/03/13;14,8;;22/03/13;16;;22/03/13;16,9
25/03/13;13,74;;25/03/13;14,55;;25/03/13;15,8;;25/03/13;16,7
26/03/13;12,77;;26/03/13;14,2;;26/03/13;15,6;;26/03/13;16,55
27/03/13;13,15;;27/03/13;14,4;;27/03/13;15,7;;27/03/13;16,65
28/03/13;12,7;;28/03/13;14,2;;28/03/13;15,6;;28/03/13;16,6
01/04/13;13,58;;01/04/13;14,4;;01/04/13;15,75;;01/04/13;16,7
02/04/13;12,78;;02/04/13;13,8;;02/04/13;15,25;;02/04/13;16,35
03/04/13;14,21;;03/04/13;14,65;;03/04/13;15,75;;03/04/13;16,5
04/04/13;13,89;;04/04/13;14,25;;04/04/13;15,55;;04/04/13;16,5
05/04/13;13,92;;05/04/13;14,35;;05/04/13;15,5;;05/04/13;16,45
08/04/13;13,19;;08/04/13;13,65;;08/04/13;15,1;;08/04/13;16,05
09/04/13;12,84;;09/04/13;13,6;;09/04/13;15,05;;09/04/13;15,95
10/04/13;12,36;;10/04/13;13,1;;10/04/13;14,5;;10/04/13;15,55
11/04/13;12,24;;11/04/13;13,15;;11/04/13;14,5;;11/04/13;15,45
12/04/13;12,06;;12/04/13;12,75;;12/04/13;14,15;;12/04/13;15,3
15/04/13;17,27;;15/04/13;16,7;;15/04/13;16,65;;15/04/13;16,85
16/04/13;13,96;;16/04/13;13,95;;16/04/13;14,75;;16/04/13;15,7
17/04/13;16,51;;17/04/13;16,45;;17/04/13;16,75;;17/04/13;17,15
18/04/13;17,56;;18/04/13;17,2;;18/04/13;17,5;;18/04/13;17,9
19/04/13;14,97;;19/04/13;15,95;;19/04/13;16,8;;19/04/13;17,55
22/04/13;14,39;;22/04/13;15,3;;22/04/13;16,1;;22/04/13;16,95
23/04/13;13,48;;23/04/13;14,55;;23/04/13;15,4;;23/04/13;16,4
24/04/13;13,61;;24/04/13;14,65;;24/04/13;15,4;;24/04/13;16,25
25/04/13;13,62;;25/04/13;14,8;;25/04/13;15,5;;25/04/13;16,3
26/04/13;13,61;;26/04/13;14,8;;26/04/13;15,6;;26/04/13;16,4
29/04/13;13,71;;29/04/13;14,75;;29/04/13;15,55;;29/04/13;16,3
30/04/13;13,52;;30/04/13;14,45;;30/04/13;15,4;;30/04/13;16,25
01/05/13;14,49;;01/05/13;15,15;;01/05/13;15,95;;01/05/13;16,7
02/05/13;13,59;;02/05/13;14,55;;02/05/13;15,5;;02/05/13;16,4
03/05/13;12,85;;03/05/13;14,25;;03/05/13;15,25;;03/05/13;16,2
06/05/13;12,66;;06/05/13;13,9;;06/05/13;14,95;;06/05/13;15,9
07/05/13;12,83;;07/05/13;13,85;;07/05/13;14,9;;07/05/13;15,8
08/05/13;12,66;;08/05/13;14;;08/05/13;15,1;;08/05/13;15,95
09/05/13;13,13;;09/05/13;14,2;;09/05/13;15,35;;09/05/13;16,25
10/05/13;12,59;;10/05/13;13,85;;10/05/13;15,1;;10/05/13;16,2
13/05/13;12,55;;13/05/13;13,65;;13/05/13;15,1;;13/05/13;16,2
14/05/13;12,77;;14/05/13;13,55;;14/05/13;15,05;;14/05/13;16,1
15/05/13;12,81;;15/05/13;13,7;;15/05/13;15,15;;15/05/13;16,25
16/05/13;13,07;;16/05/13;13,95;;16/05/13;15,35;;16/05/13;16,35
17/05/13;12,45;;17/05/13;13,2;;17/05/13;15,1;;17/05/13;16,15
20/05/13;13,02;;20/05/13;13,3;;20/05/13;15,1;;20/05/13;16,25
21/05/13;13,37;;21/05/13;13,55;;21/05/13;15,4;;21/05/13;16,5
22/05/13;13,82;;22/05/13;15,3;;22/05/13;16,4;;22/05/13;17,15
23/05/13;14,07;;23/05/13;15,5;;23/05/13;16,55;;23/05/13;17,45
24/05/13;13,99;;24/05/13;15,5;;24/05/13;16,5;;24/05/13;17,3
28/05/13;14,48;;28/05/13;15,2;;28/05/13;16,35;;28/05/13;17,2
29/05/13;14,83;;29/05/13;15,4;;29/05/13;16,4;;29/05/13;17,15
30/05/13;14,53;;30/05/13;15,4;;30/05/13;16,55;;30/05/13;17,25
31/05/13;16,3;;31/05/13;16,05;;31/05/13;17,15;;31/05/13;17,8
03/06/13;16,28;;03/06/13;16;;03/06/13;17;;03/06/13;17,75
04/06/13;16,27;;04/06/13;16,1;;04/06/13;17,1;;04/06/13;17,8
05/06/13;17,5;;05/06/13;17,05;;05/06/13;17,7;;05/06/13;18,25
06/06/13;16,63;;06/06/13;16,55;;06/06/13;17,25;;06/06/13;18
07/06/13;15,14;;07/06/13;15,8;;07/06/13;16,9;;07/06/13;17,7
10/06/13;15,44;;10/06/13;15,6;;10/06/13;16,7;;10/06/13;17,5
11/06/13;17,07;;11/06/13;16,9;;11/06/13;17,6;;11/06/13;18,15
12/06/13;18,59;;12/06/13;18,25;;12/06/13;18,55;;12/06/13;18,8
13/06/13;16,41;;13/06/13;16,8;;13/06/13;17,7;;13/06/13;18,45
14/06/13;17,15;;14/06/13;17,55;;14/06/13;18,3;;14/06/13;18,9
17/06/13;16,8;;17/06/13;16,95;;17/06/13;17,8;;17/06/13;18,55
18/06/13;16,61;;18/06/13;16,8;;18/06/13;17,65;;18/06/13;18,35
19/06/13;16,64;;19/06/13;17,55;;19/06/13;18,35;;19/06/13;19,05
20/06/13;20,49;;20/06/13;19,65;;20/06/13;19,45;;20/06/13;20,05
21/06/13;18,9;;21/06/13;19;;21/06/13;19,4;;21/06/13;19,9
24/06/13;20,11;;24/06/13;20,15;;24/06/13;20,3;;24/06/13;20,85
25/06/13;18,47;;25/06/13;19,45;;25/06/13;19,95;;25/06/13;20,55
26/06/13;17,21;;26/06/13;18,85;;26/06/13;19,6;;26/06/13;20,4
27/06/13;16,86;;27/06/13;18,2;;27/06/13;19,05;;27/06/13;19,9
28/06/13;16,86;;28/06/13;18,05;;28/06/13;18,9;;28/06/13;19,85
01/07/13;16,37;;01/07/13;17,65;;01/07/13;18,45;;01/07/13;19,4
02/07/13;16,44;;02/07/13;17,6;;02/07/13;18,45;;02/07/13;19,5
03/07/13;16,2;;03/07/13;17,25;;03/07/13;18,35;;03/07/13;19,35
05/07/13;14,89;;05/07/13;15,95;;05/07/13;17,45;;05/07/13;18,75
08/07/13;14,78;;08/07/13;15,35;;08/07/13;16,75;;08/07/13;17,9
09/07/13;14,35;;09/07/13;15,1;;09/07/13;16,65;;09/07/13;17,8
10/07/13;14,21;;10/07/13;14,85;;10/07/13;16,35;;10/07/13;17,45
11/07/13;14,01;;11/07/13;14,5;;11/07/13;16,05;;11/07/13;17,2
12/07/13;13,84;;12/07/13;14,65;;12/07/13;16,2;;12/07/13;17,3
15/07/13;13,79;;15/07/13;14,05;;15/07/13;15,75;;15/07/13;16,95
16/07/13;14,42;;16/07/13;14,25;;16/07/13;16,2;;16/07/13;17,45
17/07/13;13,78;;17/07/13;15,6;;17/07/13;16,95;;17/07/13;17,85
18/07/13;13,77;;18/07/13;15,45;;18/07/13;16,9;;18/07/13;17,85
19/07/13;12,54;;19/07/13;14,9;;19/07/13;16,5;;19/07/13;17,55
22/07/13;12,29;;22/07/13;14,7;;22/07/13;16,2;;22/07/13;17,3
23/07/13;12,66;;23/07/13;14,65;;23/07/13;16,15;;23/07/13;17,2
24/07/13;13,18;;24/07/13;14,8;;24/07/13;16,2;;24/07/13;17,25
25/07/13;12,97;;25/07/13;14,5;;25/07/13;15,9;;25/07/13;16,95
26/07/13;12,72;;26/07/13;14,45;;26/07/13;15,85;;26/07/13;16,9
29/07/13;13,39;;29/07/13;14,65;;29/07/13;15,95;;29/07/13;16,9
30/07/13;13,39;;30/07/13;14,3;;30/07/13;15,7;;30/07/13;16,7
31/07/13;13,45;;31/07/13;13,9;;31/07/13;15,4;;31/07/13;16,35
01/08/13;12,94;;01/08/13;13,6;;01/08/13;15,05;;01/08/13;16,05
02/08/13;11,98;;02/08/13;13,15;;02/08/13;14,65;;02/08/13;15,75
05/08/13;11,84;;05/08/13;13,05;;05/08/13;14,45;;05/08/13;15,5
06/08/13;12,72;;06/08/13;13,4;;06/08/13;14,85;;06/08/13;15,9
07/08/13;12,98;;07/08/13;13,55;;07/08/13;15,05;;07/08/13;16,05
08/08/13;12,73;;08/08/13;13,25;;08/08/13;14,85;;08/08/13;15,9
09/08/13;13,41;;09/08/13;13,55;;09/08/13;15,2;;09/08/13;16,1
12/08/13;12,81;;12/08/13;13,35;;12/08/13;15;;12/08/13;16,05
13/08/13;12,31;;13/08/13;13,1;;13/08/13;14,9;;13/08/13;16,15
14/08/13;13,04;;14/08/13;13,35;;14/08/13;15,15;;14/08/13;16,35
15/08/13;14,73;;15/08/13;14,25;;15/08/13;15,75;;15/08/13;16,85
16/08/13;14,37;;16/08/13;14,45;;16/08/13;15,6;;16/08/13;16,7
19/08/13;15,1;;19/08/13;15,05;;19/08/13;15,95;;19/08/13;16,9
20/08/13;14,91;;20/08/13;15;;20/08/13;15,65;;20/08/13;16,7
21/08/13;15,94;;21/08/13;16,1;;21/08/13;16,95;;21/08/13;17,65
22/08/13;14,76;;22/08/13;15,45;;22/08/13;16,4;;22/08/13;17,05
23/08/13;13,98;;23/08/13;15,2;;23/08/13;16,25;;23/08/13;16,95
26/08/13;14,99;;26/08/13;15,85;;26/08/13;16,7;;26/08/13;17,3
27/08/13;16,77;;27/08/13;17,2;;27/08/13;17,9;;27/08/13;18,4
28/08/13;16,49;;28/08/13;17,35;;28/08/13;17,95;;28/08/13;18,4
29/08/13;16,81;;29/08/13;17,35;;29/08/13;17,95;;29/08/13;18,45
30/08/13;17,01;;30/08/13;17,5;;30/08/13;18,15;;30/08/13;18,65
03/09/13;16,61;;03/09/13;16,85;;03/09/13;17,65;;03/09/13;18,2
04/09/13;15,88;;04/09/13;16,7;;04/09/13;17,55;;04/09/13;18,1
05/09/13;15,77;;05/09/13;16,4;;05/09/13;17,4;;05/09/13;18
06/09/13;15,85;;06/09/13;16,5;;06/09/13;17,5;;06/09/13;18,2
09/09/13;15,63;;09/09/13;15,8;;09/09/13;16,8;;09/09/13;17,55
10/09/13;14,53;;10/09/13;15,15;;10/09/13;16,35;;10/09/13;17,15
11/09/13;13,82;;11/09/13;14,55;;11/09/13;15,75;;11/09/13;16,7
12/09/13;14,29;;12/09/13;14,8;;12/09/13;15,8;;12/09/13;16,7
13/09/13;14,16;;13/09/13;14,8;;13/09/13;15,8;;13/09/13;16,65
16/09/13;14,38;;16/09/13;14,7;;16/09/13;15,55;;16/09/13;16,45
17/09/13;14,53;;17/09/13;14,65;;17/09/13;15,45;;17/09/13;16,3
18/09/13;13,59;;18/09/13;14,7;;18/09/13;15,9;;18/09/13;16,4
19/09/13;13,16;;19/09/13;14,75;;19/09/13;15,9;;19/09/13;16,55
20/09/13;13,12;;20/09/13;15;;20/09/13;16,15;;20/09/13;16,8
23/09/13;14,31;;23/09/13;15,35;;23/09/13;16,4;;23/09/13;17,05
24/09/13;14,08;;24/09/13;15,05;;24/09/13;16,25;;24/09/13;16,85
25/09/13;14,01;;25/09/13;15,05;;25/09/13;16,2;;25/09/13;16,85
26/09/13;14,06;;26/09/13;14,8;;26/09/13;15,95;;26/09/13;16,55
27/09/13;15,46;;27/09/13;15,5;;27/09/13;16,35;;27/09/13;16,9
30/09/13;16,6;;30/09/13;16,2;;30/09/13;16,9;;30/09/13;17,35
01/10/13;15,54;;01/10/13;15,45;;01/10/13;16,25;;01/10/13;16,9
02/10/13;16,6;;02/10/13;16,35;;02/10/13;16,9;;02/10/13;17,25
03/10/13;17,67;;03/10/13;17,25;;03/10/13;17,45;;03/10/13;17,75
04/10/13;16,74;;04/10/13;16,8;;04/10/13;17;;04/10/13;17,35
07/10/13;19,41;;07/10/13;18,5;;07/10/13;18,35;;07/10/13;18,3
08/10/13;20,34;;08/10/13;19,4;;08/10/13;19,1;;08/10/13;18,95
09/10/13;19,6;;09/10/13;18,85;;09/10/13;18,7;;09/10/13;18,85
10/10/13;16,48;;10/10/13;16,4;;10/10/13;16,85;;10/10/13;17,45
11/10/13;15,72;;11/10/13;15,7;;11/10/13;16,4;;11/10/13;16,95
14/10/13;16,07;;14/10/13;15,9;;14/10/13;16,65;;14/10/13;17,2
15/10/13;18,66;;15/10/13;18,2;;15/10/13;17,3;;15/10/13;17,65
16/10/13;14,71;;16/10/13;15,55;;16/10/13;16,55;;16/10/13;17,45
17/10/13;13,48;;17/10/13;14,55;;17/10/13;15,6;;17/10/13;16,9
18/10/13;13,04;;18/10/13;14,35;;18/10/13;15,25;;18/10/13;16,55
21/10/13;13,16;;21/10/13;14,6;;21/10/13;15,5;;21/10/13;16,65
22/10/13;13,33;;22/10/13;14,6;;22/10/13;15,55;;22/10/13;16,75
23/10/13;13,42;;23/10/13;14,7;;23/10/13;15,55;;23/10/13;16,85
24/10/13;13,2;;24/10/13;14,45;;24/10/13;15,45;;24/10/13;16,7
25/10/13;13,09;;25/10/13;14,5;;25/10/13;15,5;;25/10/13;16,8
28/10/13;13,31;;28/10/13;14,55;;28/10/13;15,5;;28/10/13;16,85
29/10/13;13,41;;29/10/13;14,45;;29/10/13;15,5;;29/10/13;16,85
30/10/13;13,65;;30/10/13;14,55;;30/10/13;15,55;;30/10/13;16,9
31/10/13;13,75;;31/10/13;14,5;;31/10/13;15,5;;31/10/13;16,85
01/11/13;13,28;;01/11/13;14,45;;01/11/13;15,6;;01/11/13;16,9
04/11/13;12,93;;04/11/13;13,95;;04/11/13;15,1;;04/11/13;16,5
05/11/13;13,27;;05/11/13;14;;05/11/13;15,2;;05/11/13;16,6
06/11/13;12,67;;06/11/13;13,7;;06/11/13;14,95;;06/11/13;16,4
07/11/13;13,91;;07/11/13;14,25;;07/11/13;15,4;;07/11/13;16,75
08/11/13;12,9;;08/11/13;13,6;;08/11/13;14,85;;08/11/13;16,35
11/11/13;12,53;;11/11/13;13,3;;11/11/13;14,75;;11/11/13;16,45
12/11/13;12,82;;12/11/13;13,35;;12/11/13;14,8;;12/11/13;16,45
13/11/13;12,52;;13/11/13;13,25;;13/11/13;14,65;;13/11/13;16,45
14/11/13;12,37;;14/11/13;13,05;;14/11/13;14,6;;14/11/13;16,4
15/11/13;12,19;;15/11/13;12,95;;15/11/13;14,35;;15/11/13;16,3
18/11/13;13,1;;18/11/13;13,3;;18/11/13;14,3;;18/11/13;16,15
19/11/13;13,39;;19/11/13;13,6;;19/11/13;14,5;;19/11/13;16,4
20/11/13;13,4;;20/11/13;14,15;;20/11/13;16;;20/11/13;17,15
21/11/13;12,66;;21/11/13;13,7;;21/11/13;15,5;;21/11/13;16,7
22/11/13;12,26;;22/11/13;13,6;;22/11/13;15,2;;22/11/13;16,45
25/11/13;12,79;;25/11/13;13,65;;25/11/13;15,05;;25/11/13;16,3
26/11/13;12,81;;26/11/13;13,75;;26/11/13;15;;26/11/13;16,3
27/11/13;12,98;;27/11/13;13,85;;27/11/13;15,1;;27/11/13;16,3
29/11/13;13,7;;29/11/13;13,95;;29/11/13;15,15;;29/11/13;16,35
02/12/13;14,23;;02/12/13;14,3;;02/12/13;15,2;;02/12/13;16,3
03/12/13;14,55;;03/12/13;14,65;;03/12/13;15,5;;03/12/13;16,5
04/12/13;14,7;;04/12/13;14,25;;04/12/13;15,4;;04/12/13;16,45
05/12/13;15,08;;05/12/13;14,55;;05/12/13;15,5;;05/12/13;16,45
06/12/13;13,79;;06/12/13;13,95;;06/12/13;15;;06/12/13;16,05
09/12/13;13,49;;09/12/13;13,75;;09/12/13;14,8;;09/12/13;15,8
10/12/13;13,91;;10/12/13;13,95;;10/12/13;14,9;;10/12/13;15,9
11/12/13;15,42;;11/12/13;14,9;;11/12/13;15,45;;11/12/13;16,4
12/12/13;15,54;;12/12/13;15,4;;12/12/13;15,5;;12/12/13;16,45
13/12/13;15,76;;13/12/13;15,5;;13/12/13;15,5;;13/12/13;16,5
16/12/13;16,03;;16/12/13;15,9;;16/12/13;15,75;;16/12/13;16,6
17/12/13;16,21;;17/12/13;16,25;;17/12/13;15,55;;17/12/13;16,4
18/12/13;13,8;;18/12/13;14,5;;18/12/13;15,55;;18/12/13;16,35
19/12/13;14,15;;19/12/13;14,45;;19/12/13;15,6;;19/12/13;16,5
20/12/13;13,79;;20/12/13;14,45;;20/12/13;15,45;;20/12/13;16,35
23/12/13;13,04;;23/12/13;13,9;;23/12/13;15;;23/12/13;15,95
24/12/13;12,48;;24/12/13;13,4;;24/12/13;14,6;;24/12/13;15,65
26/12/13;12,33;;26/12/13;13,4;;26/12/13;14,5;;26/12/13;15,55
27/12/13;12,46;;27/12/13;13,7;;27/12/13;14,65;;27/12/13;15,65
30/12/13;13,56;;30/12/13;13,9;;30/12/13;14,85;;30/12/13;15,8
31/12/13;13,72;;31/12/13;13,95;;31/12/13;14,75;;31/12/13;15,6
02/01/14;14,23;;02/01/14;14,2;;02/01/14;15,05;;02/01/14;15,9
03/01/14;13,76;;03/01/14;14,05;;03/01/14;14,9;;03/01/14;15,8
06/01/14;13,55;;06/01/14;13,9;;06/01/14;14,75;;06/01/14;15,55
07/01/14;12,92;;07/01/14;13,65;;07/01/14;14,45;;07/01/14;15,3
08/01/14;12,87;;08/01/14;13,7;;08/01/14;14,45;;08/01/14;15,25
09/01/14;12,89;;09/01/14;13,65;;09/01/14;14,55;;09/01/14;15,35
10/01/14;12,14;;10/01/14;13,25;;10/01/14;14,3;;10/01/14;15,2
13/01/14;13,28;;13/01/14;13,8;;13/01/14;14,55;;13/01/14;15,4
14/01/14;12,28;;14/01/14;13,1;;14/01/14;14,1;;14/01/14;15,15
15/01/14;12,28;;15/01/14;13,15;;15/01/14;14,15;;15/01/14;15,15
16/01/14;12,53;;16/01/14;13,45;;16/01/14;14,3;;16/01/14;15,2
17/01/14;12,44;;17/01/14;13,45;;17/01/14;14,25;;17/01/14;15,3
21/01/14;12,87;;21/01/14;13,25;;21/01/14;14,1;;21/01/14;15,1
22/01/14;12,84;;22/01/14;13,85;;22/01/14;14,8;;22/01/14;15,55
23/01/14;13,77;;23/01/14;14,2;;23/01/14;14,95;;23/01/14;15,65
24/01/14;18,14;;24/01/14;16,2;;24/01/14;16,2;;24/01/14;16,75
27/01/14;17,42;;27/01/14;16,1;;27/01/14;16,25;;27/01/14;16,65
28/01/14;15,8;;28/01/14;15,2;;28/01/14;15,55;;28/01/14;16,1
29/01/14;17,35;;29/01/14;16,4;;29/01/14;16,45;;29/01/14;16,8
30/01/14;17,29;;30/01/14;16,65;;30/01/14;16,6;;30/01/14;16,9
31/01/14;18,41;;31/01/14;17,6;;31/01/14;17,35;;31/01/14;17,4
03/02/14;21,44;;03/02/14;19,2;;03/02/14;18,6;;03/02/14;18,45
04/02/14;19,11;;04/02/14;18,65;;04/02/14;18,35;;04/02/14;18,45
05/02/14;19,95;;05/02/14;19,15;;05/02/14;18,75;;05/02/14;18,85
06/02/14;17,23;;06/02/14;17;;06/02/14;17;;06/02/14;17,35
07/02/14;15,29;;07/02/14;15,5;;07/02/14;15,9;;07/02/14;16,5
10/02/14;15,26;;10/02/14;15,65;;10/02/14;15,85;;10/02/14;16,45
11/02/14;14,51;;11/02/14;15,05;;11/02/14;15,3;;11/02/14;15,95
12/02/14;14,3;;12/02/14;14,55;;12/02/14;15;;12/02/14;15,75
13/02/14;14,14;;13/02/14;14,6;;13/02/14;14,95;;13/02/14;15,65
14/02/14;13,57;;14/02/14;14,2;;14/02/14;14,7;;14/02/14;15,45
18/02/14;13,87;;18/02/14;14,25;;18/02/14;14,45;;18/02/14;15,1
19/02/14;15,5;;19/02/14;15,4;;19/02/14;15,8;;19/02/14;16,45
20/02/14;14,79;;20/02/14;14,95;;20/02/14;15,4;;20/02/14;16,05
21/02/14;14,68;;21/02/14;15,15;;21/02/14;15,45;;21/02/14;16,1
24/02/14;14,23;;24/02/14;15;;24/02/14;15,4;;24/02/14;16,05
25/02/14;13,67;;25/02/14;14,9;;25/02/14;15,3;;25/02/14;15,95
26/02/14;14,35;;26/02/14;15,3;;26/02/14;15,65;;26/02/14;16,3
27/02/14;14,04;;27/02/14;15,1;;27/02/14;15,55;;27/02/14;16,25
28/02/14;14;;28/02/14;15,25;;28/02/14;15,7;;28/02/14;16,4
03/03/14;16;;03/03/14;16,6;;03/03/14;16,65;;03/03/14;17
04/03/14;14,1;;04/03/14;15,1;;04/03/14;15,6;;04/03/14;16,35
05/03/14;13,89;;05/03/14;15,15;;05/03/14;15,6;;05/03/14;16,35
06/03/14;14,21;;06/03/14;15,05;;06/03/14;15,55;;06/03/14;16,25
07/03/14;14,11;;07/03/14;15,5;;07/03/14;15,85;;07/03/14;16,45
10/03/14;14,2;;10/03/14;15,3;;10/03/14;15,9;;10/03/14;16,45
11/03/14;14,8;;11/03/14;15,55;;11/03/14;16,1;;11/03/14;16,7
12/03/14;14,47;;12/03/14;15,3;;12/03/14;15,95;;12/03/14;16,6
13/03/14;16,22;;13/03/14;16,6;;13/03/14;16,6;;13/03/14;17,05
14/03/14;17,82;;14/03/14;17,7;;14/03/14;17,1;;14/03/14;17,25
17/03/14;15,64;;17/03/14;16,15;;17/03/14;16,15;;17/03/14;16,6
18/03/14;14,52;;18/03/14;15,6;;18/03/14;16,25;;18/03/14;16,8
19/03/14;15,12;;19/03/14;16;;19/03/14;16,5;;19/03/14;16,95
20/03/14;14,52;;20/03/14;15,75;;20/03/14;16,2;;20/03/14;16,7
21/03/14;15;;21/03/14;16;;21/03/14;16,45;;21/03/14;16,95
24/03/14;15,09;;24/03/14;15,95;;24/03/14;16,45;;24/03/14;16,95
25/03/14;14,02;;25/03/14;15,7;;25/03/14;16,25;;25/03/14;16,85
26/03/14;14,93;;26/03/14;16,05;;26/03/14;16,65;;26/03/14;17,15
27/03/14;14,62;;27/03/14;15,75;;27/03/14;16,4;;27/03/14;16,95
28/03/14;14,41;;28/03/14;15,6;;28/03/14;16,25;;28/03/14;16,8
31/03/14;13,88;;31/03/14;15,15;;31/03/14;15,85;;31/03/14;16,4
01/04/14;13,1;;01/04/14;14,5;;01/04/14;15,45;;01/04/14;16,05
02/04/14;13,09;;02/04/14;14,6;;02/04/14;15,55;;02/04/14;16,15
03/04/14;13,37;;03/04/14;14,45;;03/04/14;15,4;;03/04/14;16
04/04/14;13,96;;04/04/14;14,85;;04/04/14;15,75;;04/04/14;16,25
07/04/14;15,57;;07/04/14;15,5;;07/04/14;16;;07/04/14;16,4
08/04/14;14,89;;08/04/14;15,15;;08/04/14;15,75;;08/04/14;16,25
09/04/14;13,82;;09/04/14;14,5;;09/04/14;15,45;;09/04/14;16
10/04/14;15,89;;10/04/14;15,85;;10/04/14;16,25;;10/04/14;16,5
11/04/14;17,03;;11/04/14;16,85;;11/04/14;16,65;;11/04/14;16,85
14/04/14;16,11;;14/04/14;16,2;;14/04/14;16,65;;14/04/14;16,85
15/04/14;15,61;;15/04/14;15,6;;15/04/14;16,45;;15/04/14;16,65
16/04/14;14,18;;16/04/14;15,9;;16/04/14;16,35;;16/04/14;16,8
17/04/14;13,36;;17/04/14;15,6;;17/04/14;16,1;;17/04/14;16,7
21/04/14;13,25;;21/04/14;15,4;;21/04/14;16,05;;21/04/14;16,65
22/04/14;13,19;;22/04/14;15,25;;22/04/14;15,85;;22/04/14;16,5
23/04/14;13,27;;23/04/14;15,4;;23/04/14;15,8;;23/04/14;16,45
24/04/14;13,32;;24/04/14;15,5;;24/04/14;16,05;;24/04/14;16,55
25/04/14;14,06;;25/04/14;15,6;;25/04/14;16,2;;25/04/14;16,65
28/04/14;13,97;;28/04/14;15,2;;28/04/14;15,9;;28/04/14;16,4
29/04/14;13,71;;29/04/14;15;;29/04/14;15,7;;29/04/14;16,2
30/04/14;13,41;;30/04/14;15;;30/04/14;15,75;;30/04/14;16,25
01/05/14;13,25;;01/05/14;14,9;;01/05/14;15,75;;01/05/14;16,2
02/05/14;12,91;;02/05/14;14,9;;02/05/14;15,85;;02/05/14;16,3
05/05/14;13,29;;05/05/14;14,6;;05/05/14;15,6;;05/05/14;16,1
06/05/14;13,8;;06/05/14;14,75;;06/05/14;15,8;;06/05/14;16,3
07/05/14;13,4;;07/05/14;14,4;;07/05/14;15,45;;07/05/14;16
08/05/14;13,43;;08/05/14;14,45;;08/05/14;15,45;;08/05/14;16
09/05/14;12,92;;09/05/14;14,05;;09/05/14;15,2;;09/05/14;15,75
12/05/14;12,23;;12/05/14;13,5;;12/05/14;14,8;;12/05/14;15,45
13/05/14;12,13;;13/05/14;13,5;;13/05/14;14,85;;13/05/14;15,5
14/05/14;12,17;;14/05/14;13,25;;14/05/14;14,75;;14/05/14;15,45
15/05/14;13,17;;15/05/14;13,7;;15/05/14;14,9;;15/05/14;15,55
16/05/14;12,44;;16/05/14;13,25;;16/05/14;14,65;;16/05/14;15,4
19/05/14;12,42;;19/05/14;13;;19/05/14;14,35;;19/05/14;15,1
20/05/14;12,96;;20/05/14;13,05;;20/05/14;14,4;;20/05/14;15,15
21/05/14;11,91;;21/05/14;14,1;;21/05/14;15,05;;21/05/14;15,65
22/05/14;12,03;;22/05/14;14,05;;22/05/14;15,1;;22/05/14;15,7
23/05/14;11,36;;23/05/14;13,9;;23/05/14;15,05;;23/05/14;15,75
27/05/14;11,51;;27/05/14;13,45;;27/05/14;14,65;;27/05/14;15,4
28/05/14;11,68;;28/05/14;13,45;;28/05/14;14,75;;28/05/14;15,5
29/05/14;11,57;;29/05/14;13,3;;29/05/14;14,7;;29/05/14;15,5
30/05/14;11,4;;30/05/14;13,3;;30/05/14;14,8;;30/05/14;15,6
02/06/14;11,58;;02/06/14;13,2;;02/06/14;14,75;;02/06/14;15,6
03/06/14;11,87;;03/06/14;13,3;;03/06/14;14,75;;03/06/14;15,5
04/06/14;12,08;;04/06/14;13,2;;04/06/14;14,55;;04/06/14;15,3
05/06/14;11,68;;05/06/14;12,65;;05/06/14;14,05;;05/06/14;14,9
06/06/14;10,73;;06/06/14;12;;06/06/14;13,3;;06/06/14;14,25
09/06/14;11,15;;09/06/14;12,2;;09/06/14;13,45;;09/06/14;14,4
10/06/14;10,99;;10/06/14;12,05;;10/06/14;13,25;;10/06/14;14,25
11/06/14;11,6;;11/06/14;12,5;;11/06/14;13,5;;11/06/14;14,4
12/06/14;12,56;;12/06/14;13,2;;12/06/14;14,15;;12/06/14;14,9
13/06/14;12,18;;13/06/14;12,95;;13/06/14;13,8;;13/06/14;14,6
16/06/14;12,65;;16/06/14;13,05;;16/06/14;13,8;;16/06/14;14,5
17/06/14;12,06;;17/06/14;12,35;;17/06/14;13,45;;17/06/14;14,3
18/06/14;10,61;;18/06/14;12,7;;18/06/14;13,7;;18/06/14;14,75
19/06/14;10,62;;19/06/14;12,8;;19/06/14;13,8;;19/06/14;14,75
20/06/14;10,85;;20/06/14;12,9;;20/06/14;13,9;;20/06/14;14,8
23/06/14;10,98;;23/06/14;12,6;;23/06/14;13,7;;23/06/14;14,6
24/06/14;12,13;;24/06/14;13,1;;24/06/14;13,95;;24/06/14;14,8
25/06/14;11,59;;25/06/14;12,65;;25/06/14;13,6;;25/06/14;14,45
26/06/14;11,63;;26/06/14;12,75;;26/06/14;13,6;;26/06/14;14,45
27/06/14;11,26;;27/06/14;12,65;;27/06/14;13,5;;27/06/14;14,4
30/06/14;11,57;;30/06/14;12,45;;30/06/14;13,35;;30/06/14;14,2
01/07/14;11,15;;01/07/14;12,1;;01/07/14;13,05;;01/07/14;13,95
02/07/14;10,82;;02/07/14;11,95;;02/07/14;12,9;;02/07/14;13,8
03/07/14;10,32;;03/07/14;11,8;;03/07/14;12,8;;03/07/14;13,7
07/07/14;11,33;;07/07/14;12,15;;07/07/14;13,05;;07/07/14;13,9
08/07/14;11,98;;08/07/14;12,4;;08/07/14;13,1;;08/07/14;13,95
09/07/14;11,65;;09/07/14;12,25;;09/07/14;12,85;;09/07/14;13,7
10/07/14;12,59;;10/07/14;13;;10/07/14;13,35;;10/07/14;14,05
11/07/14;12,08;;11/07/14;12,65;;11/07/14;13,2;;11/07/14;13,9
14/07/14;11,82;;14/07/14;12,05;;14/07/14;12,75;;14/07/14;13,45
15/07/14;11,96;;15/07/14;12,2;;15/07/14;13;;15/07/14;13,65
16/07/14;11;;16/07/14;12,7;;16/07/14;13,6;;16/07/14;14,4
17/07/14;14,54;;17/07/14;13,7;;17/07/14;14,25;;17/07/14;14,8
18/07/14;12,06;;18/07/14;13;;18/07/14;13,7;;18/07/14;14,4
21/07/14;12,81;;21/07/14;13,4;;21/07/14;13,95;;21/07/14;14,5
22/07/14;12,24;;22/07/14;13;;22/07/14;13,7;;22/07/14;14,35
23/07/14;11,52;;23/07/14;13,05;;23/07/14;13,85;;23/07/14;14,5
24/07/14;11,84;;24/07/14;13,2;;24/07/14;14,05;;24/07/14;14,65
25/07/14;12,69;;25/07/14;13,5;;25/07/14;14,3;;25/07/14;14,85
28/07/14;12,56;;28/07/14;13,35;;28/07/14;14,15;;28/07/14;14,75
29/07/14;13,28;;29/07/14;13,45;;29/07/14;14,2;;29/07/14;14,7
30/07/14;13,33;;30/07/14;13,55;;30/07/14;14,3;;30/07/14;14,8
31/07/14;16,95;;31/07/14;15,2;;31/07/14;15,5;;31/07/14;15,75
01/08/14;17,03;;01/08/14;16,05;;01/08/14;16,1;;01/08/14;16,25
04/08/14;15,12;;04/08/14;14,95;;04/08/14;15,35;;04/08/14;15,7
05/08/14;16,87;;05/08/14;16,15;;05/08/14;16,2;;05/08/14;16,45
06/08/14;16,37;;06/08/14;16,2;;06/08/14;16,3;;06/08/14;16,55
07/08/14;16,66;;07/08/14;16,65;;07/08/14;16,65;;07/08/14;16,95
08/08/14;15,77;;08/08/14;16;;08/08/14;16,15;;08/08/14;16,45
11/08/14;14,23;;11/08/14;14,8;;11/08/14;15,3;;11/08/14;15,8
12/08/14;14,13;;12/08/14;14,65;;12/08/14;15,15;;12/08/14;15,7
13/08/14;12,9;;13/08/14;13,55;;13/08/14;14,4;;13/08/14;15,05
14/08/14;12,42;;14/08/14;12,95;;14/08/14;13,9;;14/08/14;14,6
15/08/14;13,15;;15/08/14;13,25;;15/08/14;13,9;;15/08/14;14,55
18/08/14;12,32;;18/08/14;12,55;;18/08/14;13,4;;18/08/14;14,15
19/08/14;12,21;;19/08/14;12,2;;19/08/14;13,5;;19/08/14;14,1
20/08/14;11,78;;20/08/14;13,5;;20/08/14;14,2;;20/08/14;14,8
21/08/14;11,76;;21/08/14;13,4;;21/08/14;14,15;;21/08/14;14,8
22/08/14;11,47;;22/08/14;13,5;;22/08/14;14,25;;22/08/14;14,85
25/08/14;11,7;;25/08/14;13,35;;25/08/14;14,15;;25/08/14;14,8
26/08/14;11,63;;26/08/14;13,45;;26/08/14;14,35;;26/08/14;14,95
27/08/14;11,78;;27/08/14;13,55;;27/08/14;14,45;;27/08/14;15,05
28/08/14;12,05;;28/08/14;13,6;;28/08/14;14,45;;28/08/14;15,1
29/08/14;11,98;;29/08/14;13,8;;29/08/14;14,55;;29/08/14;15,2
02/09/14;12,25;;02/09/14;13,75;;02/09/14;14,65;;02/09/14;15,3
03/09/14;12,36;;03/09/14;13,5;;03/09/14;14,5;;03/09/14;15,15
04/09/14;12,64;;04/09/14;13,55;;04/09/14;14,45;;04/09/14;15,1
05/09/14;12,09;;05/09/14;13,2;;05/09/14;14,2;;05/09/14;14,9
08/09/14;12,66;;08/09/14;13,35;;08/09/14;14,25;;08/09/14;14,9
09/09/14;13,5;;09/09/14;13,85;;09/09/14;14,55;;09/09/14;15,05
10/09/14;12,88;;10/09/14;13,7;;10/09/14;14,5;;10/09/14;15
11/09/14;12,8;;11/09/14;13,55;;11/09/14;14,5;;11/09/14;15,05
12/09/14;13,31;;12/09/14;14,05;;12/09/14;14,8;;12/09/14;15,25
15/09/14;14,12;;15/09/14;14,4;;15/09/14;15,2;;15/09/14;15,6
16/09/14;12,73;;16/09/14;13,05;;16/09/14;14,4;;16/09/14;14,95
17/09/14;12,65;;17/09/14;14,25;;17/09/14;14,95;;17/09/14;15,4
18/09/14;12,03;;18/09/14;14,05;;18/09/14;14,8;;18/09/14;15,3
19/09/14;12,11;;19/09/14;14,15;;19/09/14;14,95;;19/09/14;15,4
22/09/14;13,69;;22/09/14;14,9;;22/09/14;15,45;;22/09/14;15,75
23/09/14;14,93;;23/09/14;15,4;;23/09/14;15,9;;23/09/14;16,2
24/09/14;13,27;;24/09/14;14,65;;24/09/14;15,35;;24/09/14;15,8
25/09/14;15,64;;25/09/14;15,8;;25/09/14;16,1;;25/09/14;16,35
26/09/14;15,77;;26/09/14;15,55;;26/09/14;15,94;;26/09/14;16,2